precipitation_amt_mm,reanalysis_air_temp_k,reanalysis_precip_amt_kg_per_m2,reanalysis_relative_humidity_percent,reanalysis_tdtr_k,station_precip_mm,total_cases,ndvi_n,ndvi_s
12.42,297.57285714299996,32.0,73.3657142857,2.62857142857,16.0,4,0.1131625,0.18805
22.82,298.211428571,17.94,77.36857142859999,2.37142857143,8.6,5,0.1560375,0.15892140000000002
34.54,298.781428571,26.1,82.0528571429,2.3,41.4,4,0.10260835,0.16402145
15.36,298.987142857,13.9,80.3371428571,2.4285714285699997,4.0,3,0.18685000000000002,0.2317214
7.52,299.518571429,12.2,80.46,3.01428571429,5.8,6,0.22920000000000001,0.24927
9.58,299.63,26.49,79.8914285714,2.1,39.1,2,0.17920013782714062,0.2180286
3.48,299.207142857,38.6,82.0,2.04285714286,29.7,4,0.10285,0.2076714
151.12,299.591428571,30.0,83.3757142857,1.57142857143,21.1,5,0.0725,0.14225
19.32,299.578571429,37.51,82.7685714286,1.8857142857099998,21.1,10,0.12431249999999999,0.1245857
14.41,300.154285714,28.4,81.2814285714,2.01428571429,1.1,6,0.15030394672826775,0.18162499999999998
22.27,299.512857143,43.72,81.4671428571,2.15714285714,63.7,8,0.1376125,0.17243575
59.17,299.667142857,40.9,82.1442857143,2.41428571429,12.2,2,0.25170000000000003,0.29093335
16.48,299.55857142900004,42.53,80.7428571429,2.0714285714300003,32.6,6,0.16113335,0.22072855
32.66,299.862857143,34.6,80.58428571430001,2.58571428571,37.6,17,0.21091863660119037,0.38052854999999997
28.8,300.391428571,20.0,79.65,2.32857142857,11.4,23,0.11897338534253434,0.15165
90.75,299.958571429,101.9,84.1785714286,1.8571428571400002,44.7,13,0.15029019156631893,0.1876
32.4,300.332857143,25.9,80.9471428571,2.48571428571,5.4,21,0.17951665,0.1699714
40.94,300.11857142900004,39.8,83.3485714286,1.9,13.7,28,0.291825,0.27424285000000004
28.86,300.53,30.4,77.1728571429,3.47142857143,14.2,24,0.2177125,0.25712979999999996
64.56,300.674285714,24.18,81.55142857140001,2.9,25.9,20,0.28253335,0.13584164999999998
143.73,299.857142857,36.6,81.6371428571,1.74285714286,3.3,40,0.18939165,0.28025715
51.39,300.42714285700004,16.4,77.0485714286,2.2571428571400003,15.8,27,0.1885,0.22182979999999997
31.18,300.775714286,36.1,78.52,2.9,11.7,42,0.20915,0.2068357
51.42,299.857142857,132.4,84.11,2.5714285714300003,57.7,33,0.11935,0.1685917
143.55,299.195714286,279.6,85.6214285714,1.87142857143,61.8,43,0.11674089073615265,0.17368335000000001
127.03,298.902857143,94.52,85.5028571429,1.8,91.5,37,0.117975,0.1263786
101.35,299.727142857,22.26,82.7871428571,1.78571428571,6.3,57,0.21784165,0.30695
20.46,299.972857143,14.4,81.7157142857,2.3857142857099998,6.6,71,0.1671875,0.1824786
20.0,300.35,7.1,75.72857142859999,2.2,38.9,44,0.2577,0.2076357
20.04,299.511428571,36.7,78.1514285714,2.52857142857,9.6,56,0.30127499999999996,0.1285083
33.61,298.238571429,44.3,81.38571428569999,1.9857142857099999,26.7,53,0.17664585,0.1591857
9.96,298.542857143,71.8,79.9085714286,2.05714285714,69.0,52,0.0992,0.25924165
0.0,298.202857143,4.1,68.7228571429,2.98571428571,2.8,47,0.191505,0.20068570000000002
52.45,298.297142857,32.31,80.0828571429,2.87142857143,19.8,26,0.28,0.28179285
0.0,298.038571429,5.46,69.6814285714,2.2857142857099997,20.9,27,0.28986665,0.16644445000000002
0.0,297.06,4.8,72.9385714286,2.52857142857,5.3,21,0.14348335,0.15940715
15.85,297.674285714,26.33,76.6285714286,1.8857142857099998,31.7,21,0.12614958859544498,0.19475835000000002
0.0,297.422857143,27.4,78.5,2.0,16.5,26,0.22224522046701178,0.23892145000000004
0.0,297.88428571400004,0.7,71.5971428571,2.55714285714,6.8,34,0.32031665,0.21189285000000002
0.0,298.044285714,5.7,71.7842857143,2.77142857143,5.9,37,0.1690625,0.21972855
0.0,297.74,19.69,75.7942857143,2.4285714285699997,7.3,17,0.30433335,0.24042145
18.05,296.88428571400004,21.4,78.8957142857,3.2,5.6,19,0.14615,0.2717929
0.0,297.414285714,26.2,79.74,2.5714285714300003,17.8,25,0.17794117183078156,0.11391665000000001
31.79,297.505714286,23.8,77.9771428571,2.1142857142900002,30.7,18,0.1894,0.16447665
0.0,297.777142857,8.3,77.3157142857,2.2428571428599997,10.9,21,0.237425,0.2320214
0.0,297.43142857099997,13.37,78.1385714286,2.72857142857,3.6,17,0.15204289716534108,0.22689645
0.0,297.407142857,11.1,77.8828571429,2.54285714286,5.7,17,0.15315,0.15315715
0.0,297.47,21.26,80.0014285714,2.75714285714,26.9,16,0.2519625,0.24763449999999998
12.92,297.064285714,20.9,75.6628571429,2.2857142857099997,4.1,16,0.19296249999999998,0.24124284999999998
6.0,297.372857143,19.78,79.6285714286,2.62857142857,18.8,15,0.2264,0.18095
44.57,297.284285714,21.9,73.3514285714,2.01428571429,19.4,23,0.08990000000000001,0.18485835
32.72,298.07428571400004,19.7,78.4471428571,2.3,3.5,16,0.16367948158924173,0.2066286
0.0,298.831428571,8.38,79.36,2.8,2.8,17,0.18487084999999998,0.1761714
35.38,298.638571429,20.6,79.5414285714,2.41428571429,40.2,12,0.14806249999999999,0.1087857
4.16,298.325714286,35.37,80.0671428571,2.5,32.8,17,0.12052604630561896,0.123775
51.16,298.58428571400003,59.3,81.30142857140001,1.8571428571400002,3.6,10,0.10023335,0.11635833500000001
55.37,298.80857142900004,43.4,81.08857142859999,2.1428571428599996,5.6,15,0.14978335,0.23570835
8.08,299.518571429,5.0,76.0742857143,2.87142857143,20.6,19,0.086425,0.1427643
6.09,299.891428571,5.82,77.0357142857,2.4,9.4,21,0.13278335000000002,0.17370000000000002
44.25,299.775714286,17.0,81.4214285714,2.17142857143,3.3,14,0.075975,0.13038575
73.76,299.41,37.8,82.7457142857,2.04285714286,12.4,18,0.100825,0.1716786
26.7,299.37142857099997,51.99,81.69428571430001,2.1428571428599996,24.7,13,0.15452103930270294,0.19984285000000002
6.13,300.00142857099996,18.7,77.8771428571,2.4285714285699997,4.6,14,0.12241986297552654,0.15298335000000002
29.67,300.234285714,23.6,78.24142857140001,2.4285714285699997,12.2,18,0.10347873556176382,0.108235735
56.58,299.80857142900004,27.4,81.4828571429,2.2428571428599997,43.1,23,0.044075,0.13355
48.41,299.852857143,34.39,81.8971428571,2.3,18.0,25,0.13704177773247128,0.17498575
13.29,299.831428571,31.5,81.96,2.2428571428599997,12.5,62,0.092775,0.20097140000000002
0.0,300.42,20.4,79.1971428571,2.1857142857099996,3.3,60,0.10194775613586966,0.15589999999999998
51.88,300.31142857099996,25.47,80.2557142857,2.4,1.5,76,0.07751999999999999,0.13612145
55.2,300.11714285700003,23.8,81.5942857143,2.37142857143,10.7,66,0.063175,0.20572000000000001
65.9,300.10571428599997,42.33,82.31,2.12857142857,27.2,64,0.09986249999999999,0.15110715
33.56,300.54,11.4,78.6271428571,3.04285714286,61.0,68,0.13229164999999998,0.12836145
29.53,300.527142857,28.8,80.8771428571,2.45714285714,7.9,89,0.13126664999999998,0.1687214
73.55,300.06,77.5,81.4242857143,2.0714285714300003,31.8,92,0.15825,0.19478575
31.68,299.65,60.0,82.4857142857,2.04285714286,26.5,140,0.14790999999999999,0.18627855
32.1,299.562857143,55.1,80.5157142857,2.2571428571400003,8.3,116,0.09300000000000001,0.15662500000000001
3.29,299.897142857,31.19,79.3828571429,2.3,21.3,142,0.07128,0.10803574999999999
50.24,299.891428571,12.6,76.7771428571,2.8142857142900004,3.5,129,0.1565,0.19034285
72.61,299.905714286,26.83,78.9871428571,3.04285714286,4.8,140,0.095325,0.12344169999999999
42.92,299.09,74.83,81.05857142859999,2.9,41.4,140,0.054575,0.1157595
78.73,298.685714286,72.7,83.5142857143,1.9714285714300002,28.2,127,0.10339999999999999,0.1965
0.0,298.698571429,15.1,75.5485714286,2.27142857143,9.4,129,0.0183375,0.15919289999999997
35.34,298.375714286,78.43,81.4857142857,2.02857142857,76.2,169,0.11988333500000001,0.17290715
0.0,298.642857143,35.1,80.27571428569999,1.8,19.6,141,0.110225,0.13404285000000002
0.0,298.518571429,26.8,78.6214285714,2.01428571429,34.2,108,0.09307499999999999,0.2256786
0.0,298.08428571400003,8.76,72.8614285714,2.0714285714300003,6.1,78,0.08050284705556218,0.07742857
0.0,296.521428571,19.3,76.1271428571,2.2142857142900003,13.7,70,0.123625,0.13384445
170.16913837238477,298.3088718293708,26.996511253122165,78.04667400475246,2.3732343851177333,50.96171658038737,81,0.14148335,0.18332500000000002
200.85,297.912857143,18.3,81.3,2.3,58.2,104,0.08720415000000001,0.12575
3.12,297.338571429,19.8,84.1171428571,1.8571428571400002,32.3,90,0.22615,0.1989357
0.0,297.091428571,5.11,78.2914285714,2.3571428571400004,1.3,85,0.12679165,0.17885715
0.0,297.42,6.5,75.22,2.44285714286,9.2,55,0.07981471133178027,0.18280000000000002
0.0,296.92,16.2,77.05857142859999,3.4,3.0,53,0.09309999999999999,0.1498369
12.142669930619403,297.798571429,20.1,82.8757142857,2.2,1.3,65,0.12034603844270303,0.18730000000000002
4.37417747245977,297.898571429,4.4,77.2957142857,2.58571428571,8.9,33,0.14704908383991488,0.1988357
-8.222382370444244,297.472857143,14.4,76.0371428571,2.41428571429,16.0,38,0.094275,0.16415000000000002
0.0,297.651428571,5.5,76.8785714286,2.3142857142900004,2.9,59,0.14535312298767247,0.19197140000000001
23.22,297.63428571400004,12.6,78.0571428571,2.51428571429,5.9,40,0.0885,0.14155
0.0,297.947142857,3.56,77.5057142857,2.7,4.8,37,0.06855,0.13814284999999998
0.0,297.218571429,21.0,80.2385714286,2.8,2.3,29,0.11635953398085488,0.12082145
122.27,297.982857143,16.2,78.0671428571,2.74285714286,24.1,30,0.08879999999999999,0.18498335
43.21,298.682857143,11.1,76.3757142857,3.6142857142900002,0.0,30,0.1177,0.12342855
83.11,297.831428571,70.6,84.1842857143,2.1428571428599996,24.5,28,0.08629166499999999,0.16600715
36.16,298.088571429,25.8,78.4257142857,2.82857142857,4.6,23,0.10295,0.15312145
0.0,298.197142857,4.0,74.9328571429,3.6142857142900002,1.6,24,0.038,0.07987857500000001
13.92,298.335714286,45.0,78.48,3.0,32.0,29,0.162825,0.19484285
2.94,298.33428571400003,27.5,78.38142857140001,2.22857142857,8.1,26,0.046537499999999996,0.13398335
71.85,298.408571429,570.5,85.6471428571,2.7142857142900003,22.1,23,0.08549999999999999,0.059891665
186.25,298.61571428599996,130.3,87.3014285714,2.3571428571400004,80.2,20,0.12140034002801238,0.2160857
42.24,299.104285714,50.0,85.8271428571,2.1142857142900002,103.9,19,0.1308,0.10615715
43.21,298.901428571,43.8,84.87,1.9857142857099999,102.4,20,0.08477499999999999,0.10707139999999998
52.07,298.93142857099997,37.1,84.2485714286,2.0,29.8,26,0.1288,0.18662140000000002
52.96,299.56857142900003,33.7,82.7771428571,1.72857142857,5.4,29,0.1302,0.127065
10.74,300.17714285700004,10.0,79.33428571430001,2.27142857143,3.1,31,0.13165,0.1689
1.86,300.285714286,5.4,78.4971428571,2.7857142857099997,1.8,28,0.14575313447311508,0.14996425000000002
94.14,299.79,46.1,80.15,2.0,45.2,26,0.11875,0.16233665
33.51,299.227142857,69.04,81.9842857143,2.02857142857,41.0,32,-0.04021,0.133
31.12,299.025714286,58.8,82.3457142857,1.8142857142900002,14.2,35,0.09001665,0.14184284999999996
59.22,299.755714286,27.1,80.7842857143,2.4285714285699997,16.6,33,0.162975,0.14755000000000001
65.55,299.215714286,81.8,82.75,1.9571428571400002,41.9,30,0.1453,0.21716425
68.22,299.491428571,61.6,82.3171428571,2.2428571428599997,42.7,52,0.1257,0.18907855
27.7,300.067142857,28.9,78.86428571430001,2.4285714285699997,3.1,59,0.0846,0.20084999999999997
61.55,300.108571429,34.36,79.2042857143,2.2,6.5,67,0.1567539457960122,0.12483570000000002
21.34,299.727142857,87.2,79.93,2.02857142857,23.6,65,0.1503875,0.22528575
41.32,299.978571429,32.6,79.52571428569999,2.34285714286,28.9,74,0.062083335,0.16819285
95.55,299.292857143,116.79,83.7,2.04285714286,60.9,70,0.1435,0.2053357
97.7,299.624285714,34.2,81.2971428571,2.3,22.6,61,0.162175,0.12624164999999998
23.1,300.267142857,19.4,79.7371428571,3.25714285714,0.0,53,0.12233750000000002,0.18414285000000002
18.95,300.11857142900004,11.3,77.83428571430001,2.97142857143,8.0,76,0.2675,0.18890715000000002
12.18,299.848571429,21.5,77.8757142857,2.51428571429,11.9,61,0.0078,0.1086
80.58,299.802857143,25.0,78.91,3.02857142857,18.6,57,0.12480000000000001,0.1140143
64.0,299.80714285700003,27.7,81.0528571429,2.0714285714300003,14.2,44,0.10378335,0.23715
40.06,299.041428571,31.72,79.0128571429,2.41428571429,161.0,34,0.1301,0.078125
43.44,298.342857143,49.97,80.2557142857,1.8285714285699999,26.1,47,0.066266665,0.099192845
47.42,298.664285714,128.1,85.5871428571,2.0,46.3,60,0.09986665,0.14077145
53.73,298.46,54.8,82.6485714286,1.92857142857,62.6,60,0.0912125,0.16390835
86.28,298.734285714,19.23,78.3114285714,2.1142857142900002,9.4,53,0.0823,0.2070619
0.0,298.285714286,24.94,76.66142857140001,2.6428571428599996,47.5,36,0.07832988305949153,0.19323574999999998
0.0,297.172857143,23.8,76.7571428571,1.92857142857,5.5,31,0.029068334999999997,0.08010625
59.89014160744753,298.4599966388959,35.7880377645401,80.57984491856888,2.3615819071264688,-7.563588616161862,30,0.09883353718813312,0.16220521434411667
46.79,297.467142857,41.9,81.8785714286,1.9,28.0,32,0.036008335,0.06255714
0.0,297.331428571,27.5,77.1442857143,1.7142857142899999,23.5,28,0.033958335,0.12054285
0.0,297.401428571,11.2,76.9842857143,2.2,6.6,33,0.10098824270453272,0.22304285000000001
0.0,296.967142857,21.8,77.8628571429,2.08571428571,15.2,33,0.061591665000000004,0.138875
75.97,297.624285714,26.3,80.61,2.08571428571,9.4,35,0.034979165,0.09353571
0.0,296.594285714,14.3,79.8257142857,2.34285714286,2.1,22,0.1648,0.2034357
14.71,297.76,7.2,76.5328571429,2.48571428571,2.8,13,0.14212085,0.2324643
0.0,296.768571429,21.5,76.2171428571,2.77142857143,5.5,13,0.1104105084460045,0.26575715
0.0,297.01428571400004,1.8,73.2257142857,2.8,2.3,21,0.15413335,0.1492
0.0,296.42571428599996,2.7,70.6457142857,2.48571428571,2.5,17,0.154016665,0.22870000000000001
9.68,297.85571428599997,10.5,77.7842857143,2.6857142857099996,0.5,11,-0.04235,0.17215234999999998
27.0,297.585714286,13.0,76.8485714286,2.2571428571400003,12.8,8,0.06770000000000001,0.1946
0.0,297.34,20.27,80.7957142857,2.1428571428599996,4.1,8,0.103966665,0.12895
7.49,297.745714286,14.2,78.5642857143,2.3571428571400004,4.6,6,0.06371289109606203,0.1992905
19.74,298.012857143,23.2,78.9614285714,3.0571428571399997,11.7,6,0.0015249999999999986,0.0757
114.85,297.528571429,63.49,81.27142857140001,2.77142857143,8.4,7,0.0808,0.13257855000000002
33.35,298.591428571,34.3,81.6557142857,2.47142857143,28.3,12,0.08842349949153717,0.12837265
37.35,298.152857143,40.7,84.0814285714,1.8571428571400002,114.3,17,0.07189999999999999,0.14195000000000002
34.9,297.671428571,142.4,84.52142857140001,2.5,18.3,10,0.062525,0.10725715
14.84,298.604285714,55.67,82.4357142857,2.2142857142900003,4.6,10,0.1335,0.18294165
78.17,299.364285714,100.2,85.3985714286,2.27142857143,32.1,18,0.060649999999999996,0.057935715
62.2,298.844285714,93.2,86.9,1.9142857142900003,58.3,19,0.026824999999999998,0.18714285000000003
8.48,300.658571429,20.2,80.6157142857,2.6428571428599996,1.3,12,0.11055627672188226,0.15112855000000003
30.65,299.184285714,55.5,81.4928571429,2.1,57.9,22,0.08046912514491639,0.22015715
93.75,299.521428571,74.0,82.6085714286,1.9571428571400002,60.4,12,0.08868335000000002,0.15126425
8.49,299.70428571400004,27.5,82.8328571429,2.0,7.2,21,0.13798335,0.21709285
37.28,299.567142857,72.8,81.1485714286,1.8857142857099998,21.0,18,0.082416665,0.1526929
73.94,299.58428571400003,67.7,81.2157142857,2.5,92.2,16,0.064766665,0.20186425000000002
4.81,299.891428571,29.4,79.15,2.47142857143,13.0,16,0.1515,0.17947855000000001
78.03,299.237142857,109.0,85.55142857140001,1.75714285714,71.4,22,0.094465,0.123075
12.38,300.062857143,12.6,82.8828571429,2.3571428571400004,0.8,17,0.11478614509438735,0.2524405
7.25,300.12142857099997,21.8,81.0128571429,2.32857142857,18.1,25,0.12085,0.19397855000000003
106.83,299.67,62.7,83.0757142857,2.22857142857,12.7,23,0.073283335,0.18017855000000002
1.36,299.918571429,26.9,81.7271428571,2.3142857142900004,17.1,12,0.17905,0.21324284999999998
30.85,299.97571428599997,34.4,79.6285714286,2.1857142857099996,28.8,25,0.128,0.1573857
43.26,299.761428571,42.1,80.6842857143,2.17142857143,43.4,28,0.09045,0.055466665
14.42,299.672857143,50.0,81.7942857143,1.9428571428599999,23.1,27,0.10850000000000001,0.1955143
71.36,300.067142857,57.9,80.9014285714,2.6857142857099996,8.7,18,0.0344625,0.1280845
72.86,299.885714286,76.0,82.61,2.17142857143,26.7,23,0.04285,0.083416665
27.62,299.591428571,55.36,83.8414285714,1.6714285714300001,16.8,23,0.0959,0.17695
8.01,299.957142857,35.8,81.1028571429,1.9428571428599999,27.0,29,0.0981,0.18916785000000003
0.0,300.18142857099997,17.0,78.8071428571,2.2571428571400003,6.4,38,0.0541748583324238,0.14219285
70.07,299.788571429,57.6,80.3985714286,1.9571428571400002,25.4,36,0.11565,0.18973335
0.0,299.885714286,16.1,79.5042857143,2.3,4.1,43,0.10939200692377779,0.16725835
0.0,299.228571429,25.6,79.0371428571,2.27142857143,6.7,46,-0.05480000000000001,0.126041665
12.5,298.845714286,70.71,80.3771428571,1.8428571428599998,48.8,31,0.0934875,0.14354645
91.81,298.571428571,118.1,82.1542857143,1.87142857143,46.4,25,0.14445,0.2653214
6.09,298.627142857,25.7,80.4657142857,2.01428571429,5.5,40,0.17388335,0.10837714500000001
5.29,298.218571429,43.4,80.3028571429,2.3571428571400004,20.8,31,0.08553969659272562,0.123033315
14.82,298.565714286,28.6,76.8542857143,2.45714285714,7.7,38,-0.178933335,0.12414285
42.62,298.218571429,33.6,78.8285714286,2.55714285714,37.6,30,-0.022425,0.09417858000000001
5.25,298.527142857,3.4,78.0185714286,2.44285714286,0.3,22,0.0849693204241477,0.1611856937406634
12.6,298.19142857099996,19.5,75.7428571429,2.05714285714,41.0,31,-0.0508,0.136750005
0.0,297.59,19.4,79.15,2.2142857142900003,13.4,26,0.12045,0.23435
0.0,297.912857143,16.4,75.9842857143,2.1142857142900002,26.6,35,0.12026664999999999,0.14585715
0.0,297.571428571,19.04,78.38142857140001,2.32857142857,9.7,36,-0.012533349999999992,0.1810357
0.0,297.588571429,21.8,76.8257142857,2.2,3.6,39,0.235,0.21782855
0.0,297.515714286,11.5,75.31,1.74285714286,9.1,25,0.1026,0.0729875
0.0,297.77428571400003,7.2,72.88571428569999,2.2857142857099997,9.7,31,0.30257500000000004,0.26539999999999997
0.0,297.455714286,11.5,74.7885714286,2.3571428571400004,7.9,37,0.08400000869765126,0.10591426500000001
0.0,297.23571428599996,16.7,77.91571428569999,2.5,16.2,33,0.11001577375904134,0.16361664999999997
7.15,297.268571429,18.7,81.5185714286,2.44285714286,15.8,25,0.10815,0.105314295
0.0,297.50142857099996,6.69,75.4357142857,2.5714285714300003,16.8,24,0.04932500000000001,0.16761664999999998
0.0,298.01428571400004,2.9,74.6471428571,3.6571428571399998,0.0,18,0.07089165,0.1448298
46.62,298.281428571,6.66,75.0828571429,2.47142857143,1.0,23,0.128775,0.12328575
0.0,298.12,4.4,73.9514285714,2.4,2.3,13,0.079466665,0.1279786
0.0,297.537142857,37.0,79.5171428571,2.1,16.7,18,0.1488,0.17133575
0.0,297.541428571,16.6,75.2471428571,2.12857142857,28.7,14,0.08233277290831466,0.16414285
0.0,298.32428571400004,4.9,74.5157142857,2.6142857142900002,13.2,17,0.0528,0.095879765
68.0,298.92714285700004,14.1,80.3528571429,2.67142857143,10.5,22,0.073475,0.14827859999999998
10.46,298.55714285700003,21.1,80.4628571429,1.9428571428599999,3.3,13,0.10425000000000001,0.1114143
16.5,298.474285714,28.9,83.13571428569999,1.8142857142900002,29.3,24,0.045950000000000005,0.16653574999999998
17.52,299.94142857099996,7.9,79.5028571429,2.8857142857099998,6.9,31,0.113775,0.20847854999999998
6.59,299.597142857,16.7,77.66428571430001,2.3571428571400004,1.6,34,0.1252,0.1812286
42.53,299.327142857,21.5,80.3828571429,2.47142857143,67.3,31,0.07455,0.060078575
13.82,299.60571428599997,3.7,78.2928571429,2.4,5.4,31,0.03009474914399586,0.18756309999999998
38.34,299.5,26.51,78.7042857143,2.04285714286,23.4,38,0.004924999999999999,0.13892859999999996
12.67,299.861428571,22.9,79.0271428571,2.6428571428599996,10.2,49,0.12145834999999999,0.13930120000000001
15.39,299.125714286,54.83,78.80571428569999,1.64285714286,19.5,42,0.16940834999999999,0.16517145
9.77,299.481428571,18.52,77.3028571429,2.12857142857,28.7,49,0.18182500000000001,0.18262855
43.28,299.932857143,9.9,77.1028571429,2.34285714286,9.8,55,0.08128334999999999,0.1925429
2.79,299.977142857,3.3,75.4357142857,2.45714285714,1.0,80,0.2244,0.1953143
26.96,299.575714286,22.9,77.7957142857,2.2142857142900003,48.5,84,0.10210268770276973,0.1437143
30.03,299.518571429,12.5,78.58428571430001,2.3571428571400004,3.6,72,0.0022250000000000013,0.042758335
17.77,300.01,16.6,76.4371428571,2.51428571429,20.4,89,0.025483335,0.19898335
3.24,300.364285714,11.56,76.92,2.6428571428599996,4.3,115,0.1436125,0.18439285
59.91,300.392857143,20.24,78.4828571429,2.52857142857,11.0,179,0.08355,0.2089357
19.45,300.07428571400004,28.3,79.1385714286,2.6428571428599996,14.4,202,0.0610375,0.26982855
61.11,299.951428571,70.4,78.75,2.45714285714,50.8,272,0.07980700560894129,0.14421250000000002
39.22,299.885714286,50.7,79.3142857143,1.9857142857099999,34.3,302,0.07971049669873287,0.16301725616650065
55.88,299.508571429,45.2,80.3728571429,2.6,31.5,395,0.07961600168592445,0.16308508496540292
0.63,300.377142857,2.8,74.1171428571,2.62857142857,8.2,426,0.07952350160939,0.16315372592755747
16.7,299.638571429,40.8,78.2257142857,2.72857142857,39.2,461,0.07943297753633535,0.16322316528008607
75.57,300.238571429,15.81,76.3485714286,3.02857142857,5.4,381,0.07934441056251149,0.16329338932807735
111.52,298.81142857099996,64.85,85.4171428571,1.6571428571399998,39.2,333,0.07925778181242733,0.16336438445441298
5.41,299.86714285700003,15.6,78.6857142857,2.32857142857,1.9,353,0.07917307243956337,0.16343613711959537
32.26,299.297142857,36.6,80.0957142857,2.22857142857,54.5,410,0.0790902636265844,0.163508633861574
32.17,299.198571429,47.5,83.58428571430001,1.77142857143,47.5,364,0.07900933658555283,0.1635818612955724
11.16,299.422857143,23.7,83.5028571429,2.4,49.3,359,0.07893027255814178,0.16365580611391534
17.52,298.851428571,27.4,78.56,2.1,35.9,288,0.07885305281584816,0.16373045508585532
45.95,297.80857142900004,106.09,85.57,1.5,58.2,221,0.07877765866020593,0.16380579505739987
0.0,298.624285714,16.5,75.4557142857,2.2857142857099997,7.4,149,0.07870407142299904,0.16388181295113807
0.0,298.581428571,12.2,76.91428571430001,2.72857142857,12.9,112,0.07863227246647475,0.16395849576606764
71.43,298.838571429,30.4,82.8671428571,3.27142857143,9.2,154,0.1444,0.2050167
0.0,297.33,12.5,75.83857142859999,2.37142857143,40.4,91,0.22120415,0.27367980000000003
0.0,298.284285714,3.59,74.0471428571,2.3571428571400004,10.5,72,0.10672631836875707,0.17359284999999997
37.99,296.58428571400003,32.88,79.5528571429,1.78571428571,29.0,56,-0.0776,0.22081425
0.0,297.592857143,6.2,78.33,3.62857142857,9.9,46,0.089275,0.15565
0.0,297.35,43.3,81.4042857143,2.15714285714,26.9,37,0.1083121679633669,0.21360145
0.0,297.85571428599997,3.6,74.6557142857,3.8,0.0,26,0.045829165000000005,0.17313570000000003
0.0,298.221428571,10.07,77.02142857140001,2.8142857142900004,2.8,17,0.07298536420905041,0.19382145
0.0,297.508571429,29.08,76.6342857143,1.9714285714300002,29.5,17,0.079183335,0.1137143
0.0,297.17571428599996,50.73,79.8171428571,2.4285714285699997,51.7,20,0.0711,0.11643999999999999
0.0,297.081428571,36.42,82.0528571429,2.0714285714300003,16.9,11,0.1124625,0.1844143
19.43,297.11,18.6,77.02,2.05714285714,16.5,7,0.09448335,0.14997145
0.0,296.48,6.7,69.8614285714,3.3,2.3,16,0.131325,0.2285738
0.0,296.887142857,4.6,67.36428571430001,4.0,4.1,14,0.2290975,0.27530355
0.0,297.66571428599997,0.0,73.4,3.6142857142900002,0.0,16,0.16046336251605223,0.2506
5.43,298.56,2.1,77.6057142857,2.82857142857,0.0,5,0.053231205518067745,0.16042859999999998
6.44,297.83,19.6,77.3214285714,2.6142857142900002,72.0,2,0.10719999999999999,0.2483857
0.0,297.511428571,2.7,71.9371428571,2.65714285714,1.0,6,0.13906249999999998,0.20392145
20.96,298.788571429,4.1,76.0728571429,2.9428571428600003,2.8,5,0.11178905334800363,0.18625714999999998
9.01,299.13142857099996,9.0,80.2614285714,3.0,29.7,4,0.127475,0.18497855000000002
119.62,298.995714286,17.4,80.8657142857,2.85714285714,101.6,3,0.0664125,0.16350235
204.62,299.45428571400004,17.3,81.4471428571,2.32857142857,97.5,4,0.09716665,0.23604999999999998
178.89,299.602857143,20.33,80.7271428571,1.9571428571400002,9.1,16,0.15632588189659005,0.10602139999999999
106.04,298.68857142900004,86.8,84.3457142857,1.64285714286,35.5,8,0.091375,0.23925715000000003
20.16,299.828571429,16.57,79.1371428571,2.3142857142900004,43.5,7,0.084625,0.16885
26.56,300.11571428599996,35.24,81.34,2.0,10.5,10,0.219375,0.20600714999999997
2.04,300.68,13.7,79.38,2.75714285714,15.8,14,0.22171665000000002,0.25345715
41.18,301.007142857,9.22,75.0657142857,3.04285714286,16.0,7,0.30010000000000003,0.23954999999999999
25.89,299.944285714,60.59,81.96,1.9571428571400002,21.4,9,0.1220505978235546,0.2310607
36.58,300.401428571,38.3,81.09,2.72857142857,30.6,11,0.112625,0.16102855
101.64,299.988571429,62.31,85.08857142859999,1.6,43.3,23,0.13063037697309823,0.1132143
60.71,300.0,102.4,84.3757142857,2.08571428571,30.1,17,0.078933335,0.18075715
19.79,300.262857143,40.3,80.3971428571,2.1428571428599996,27.3,19,0.047,0.1822702
4.05,300.554285714,17.7,82.6257142857,3.3428571428600002,8.7,24,0.087833335,0.18291425
75.11,299.952857143,96.1,83.49142857140001,2.1142857142900002,66.0,17,0.09965,0.1349357
35.83,300.174285714,55.21,82.2257142857,2.22857142857,12.8,28,0.052583334999999995,0.18458714999999998
20.23,301.218571429,8.6,78.1457142857,3.7,20.4,40,0.14535,0.17755355
40.29,300.21,122.7,82.91142857140001,2.37142857143,77.1,33,0.0557,0.14144285
121.4,300.067142857,82.5,83.3142857143,2.44285714286,71.2,31,0.10161665,0.1993167
36.72,300.155714286,11.6,81.8542857143,1.9,13.3,33,0.095233335,0.09567143
68.18,299.781428571,74.5,83.13571428569999,2.2857142857099997,45.6,29,0.24795,0.13795000000000002
45.63,299.54,53.98,84.2071428571,1.8142857142900002,19.1,30,0.06871250000000001,0.13457144999999998
55.67,299.794285714,40.8,80.66428571430001,2.02857142857,39.1,36,0.0641425,0.10544287999999999
54.74,299.44142857099996,46.4,83.2142857143,2.3857142857099998,53.6,48,0.10211415115617402,0.1478143
30.3,299.772857143,40.4,80.86428571430001,3.0,13.5,40,0.156425,0.27775
0.0,299.097142857,32.4,79.4042857143,1.9142857142900003,53.6,28,0.023225,0.2222
24.86,299.622857143,9.9,77.6385714286,2.55714285714,2.8,36,0.057675,0.19329645
90.49,299.275714286,12.7,78.1414285714,2.22857142857,5.9,19,0.07413334999999999,0.24745715000000001
20.21,299.452857143,13.69,80.6771428571,2.0714285714300003,13.5,34,0.07405531166324208,0.20502140000000002
0.0,299.201428571,12.8,76.3328571429,2.2571428571400003,14.9,23,0.1252,0.25120715
0.0,298.461428571,23.6,79.9857142857,1.8428571428599998,20.9,17,0.0004166650000000001,0.15715
0.0,298.194285714,40.3,77.6371428571,1.7,53.9,17,0.053888264966385976,0.14625710000000003
6.35,297.412857143,57.0,84.13571428569999,1.6571428571399998,46.5,23,0.012433335,0.106185735
15.0,298.528571429,9.32,79.3214285714,2.45714285714,24.6,14,0.1388333,0.18352144999999997
55.68,297.75285714299997,50.3,82.5157142857,2.0714285714300003,40.6,20,0.045633335,0.1718214
60.67,297.422857143,44.85,80.4771428571,1.9428571428599999,47.7,13,0.11695,0.22117854999999997
0.0,296.62857142900003,28.6,75.6928571429,1.9428571428599999,32.0,23,0.10511664999999999,0.20778575
0.0,297.30714285700003,11.9,74.9614285714,2.15714285714,10.8,20,0.0342,0.16664285
29.3,297.625714286,15.45,79.66428571430001,2.22857142857,25.5,16,0.10289999999999999,0.21655714999999998
7.2,297.88285714299997,16.7,77.7828571429,2.72857142857,22.1,16,0.06516978588723289,0.14400000000000002
177.58,297.598571429,15.67,79.19857142859999,2.3,4.6,23,0.0924875,0.24635235
9.96,297.292857143,3.2,73.06,2.52857142857,3.3,14,0.09107671180683526,0.1851548
0.0,297.988571429,8.6,76.4828571429,2.2142857142900003,12.7,15,0.037333334999999995,0.17114285
0.0,297.428571429,28.0,80.6471428571,2.54285714286,14.2,4,0.094466665,0.19840000000000002
0.0,298.18857142900004,2.8,73.4257142857,2.9285714285699997,0.5,5,0.013251716642154684,0.1458643
0.0,297.21,28.8,79.02,2.55714285714,21.6,5,0.0345125,0.09652144999999998
49.18,298.135714286,27.9,79.77571428569999,2.52857142857,80.5,11,0.09924999999999999,0.17018575
46.16,297.852857143,24.22,78.3114285714,2.3,8.9,11,0.105641665,0.22202145
0.0,298.228571429,10.9,74.1714285714,2.3857142857099998,8.2,7,0.09007196618869948,0.1796
5.63,298.007142857,21.5,76.3942857143,1.8428571428599998,25.6,4,0.25593335,0.2138643
0.0,297.71,11.1,74.7928571429,2.17142857143,10.6,6,-0.04239999999999999,0.09542856999999999
21.7,297.595714286,68.2,82.84,1.7142857142899999,44.8,5,0.07210202770070648,0.15247145
44.07,298.658571429,17.9,82.78,2.44285714286,0.8,2,0.0448,0.21673335
68.06,299.44142857099996,21.71,82.7514285714,2.8142857142900004,9.4,4,0.103225,0.12488570000000002
137.06,299.254285714,24.38,82.36857142859999,2.0714285714300003,2.3,2,0.0664875,0.16860714999999998
27.82,298.742857143,43.3,82.2357142857,2.02857142857,40.9,4,0.09395,0.1296
47.93,298.49,73.7,83.3228571429,1.92857142857,84.6,6,0.067925,0.15113569999999998
15.99,299.641428571,22.5,80.9071428571,2.2428571428599997,19.3,6,0.143025,0.1783857
6.01,299.581428571,23.9,80.0614285714,1.9714285714300002,5.9,4,0.07323700296836919,0.20260830000000002
24.35,299.734285714,35.23,81.83571428569999,2.2428571428599997,43.5,6,0.067941665,0.166075
97.22,299.018571429,123.2,84.3228571429,2.2428571428599997,53.6,11,0.10376250000000001,0.16598575
14.89,299.714285714,15.8,79.19857142859999,2.32857142857,9.9,16,-0.0034000000000000002,0.16196665
41.78,299.39428571400003,39.1,81.91,2.2,79.3,9,0.105916665,0.2015286
34.04,299.137142857,67.71,85.01,1.7,31.9,12,0.06363770539920056,0.13852855
19.92,299.651428571,29.2,80.9357142857,2.6142857142900002,14.3,13,0.0543,0.18711
110.91,298.984285714,68.7,84.3442857143,1.9714285714300002,80.6,27,0.08427871362624853,0.27033335
15.74,299.945714286,33.7,79.2728571429,2.55714285714,22.6,21,0.043,0.30539285
10.59,300.372857143,21.95,81.54,3.45714285714,35.1,19,0.033525,0.17434285
63.31,299.802857143,89.24,81.9857142857,1.8,51.1,17,0.10555,0.17033335
243.55,299.482857143,151.7,85.69,1.8285714285699999,305.9,24,0.05081161386880067,0.12912265
59.12,300.32,19.32,82.6385714286,1.8857142857099998,7.3,27,0.022445,0.18389285
27.58,300.018571429,27.2,79.1771428571,2.1,20.9,30,0.014816665000000003,0.18017145
28.18,299.962857143,23.54,81.26,2.54285714286,17.6,29,-0.02105,0.2134
4.62,299.804285714,23.7,79.9571428571,2.17142857143,8.9,25,0.06712025898766902,0.2280143
17.37,300.344285714,7.1,80.7342857143,2.6428571428599996,6.6,35,-0.09355,0.15766429999999998
16.06,299.25142857099996,65.2,81.13,2.08571428571,28.9,33,0.010525000000000001,0.16365000000000002
51.59,299.168571429,59.22,84.1114285714,2.04285714286,35.6,30,-0.0327,0.12945715
34.32,298.245714286,219.9,83.64,1.8,25.0,29,0.029016664999999997,0.08652857
42.76,298.477142857,113.55,83.3971428571,1.6,88.3,31,0.056537582223221014,0.059283335
65.18,298.197142857,49.0,86.07142857139999,2.04285714286,39.5,29,0.08872935352869185,0.1548714
0.0,297.642857143,20.57,75.2928571429,1.9,19.6,22,-0.063633335,0.24555715
0.0,297.827142857,3.8,73.2528571429,2.75714285714,3.1,27,0.06158774045549178,0.16595715
0.0,296.635714286,40.7,79.3728571429,1.8285714285699999,25.4,24,0.11880854064108763,0.17604285000000003
0.0,297.031428571,3.93,71.0628571429,2.48571428571,4.0,26,0.0214,0.15200625
0.0,299.67714285700004,3.24,75.6785714286,2.3571428571400004,0.5,29,0.13101664999999998,0.19051430000000003
0.0,297.18857142900004,24.14,80.3,2.37142857143,29.0,22,0.12887057617660871,0.20597855000000004
0.0,297.56857142900003,7.79,74.94,2.2428571428599997,0.6,33,-0.05605,0.22022855
6.65,297.48571428599996,23.5,80.0928571429,3.14285714286,2.0,24,0.061333335,0.17830714999999997
66.05,296.741428571,81.3,82.3885714286,1.8285714285699999,58.9,30,0.045075000000000004,0.10627855
53.52,297.27,14.3,75.0757142857,2.0714285714300003,49.5,20,0.038291665,0.12647855
24.98,297.12,50.58,80.9471428571,1.7,25.4,17,0.08679999999999999,0.17512855
0.0,297.587142857,15.14,76.7128571429,2.05714285714,22.9,24,0.05351,0.16518575
0.0,297.26428571400004,15.1,74.63142857140001,2.17142857143,30.0,28,0.06154556264342098,0.15662
0.0,297.292857143,9.5,74.2557142857,2.2142857142900003,15.5,18,0.07770858198254144,0.24735715
0.0,297.138571429,14.3,75.3728571429,2.15714285714,13.8,13,0.08030163504783419,0.16065714999999997
0.0,297.078571429,17.92,76.9042857143,1.9,15.2,9,0.133075,0.25577145
0.0,297.721428571,7.0,74.11857142859999,3.4428571428600003,1.5,14,0.10972499999999999,0.21150715
0.0,297.69285714299997,5.9,74.2057142857,2.6857142857099996,2.9,11,0.09865963983515397,0.195
6.65,296.595714286,18.73,74.85,2.3857142857099998,0.6,11,0.0650125,0.2096
0.0,297.178571429,7.5,71.55857142859999,2.7857142857099997,0.8,19,0.0423125,0.2220143
0.0,298.821428571,16.2,75.4171428571,3.8428571428600002,0.0,10,0.0309,0.21234999999999998
5.73,299.20428571400004,4.0,76.9528571429,3.45714285714,0.5,8,0.0019166665,0.19599165
0.0,299.35,1.5,75.8785714286,2.7,0.3,8,-0.013300000000000003,0.14877140000000003
33.03,298.85,27.3,78.5371428571,2.54285714286,12.6,9,0.0883,0.12365119999999999
0.0,299.241428571,10.1,75.9828571429,2.4285714285699997,12.9,3,0.09316665,0.128883315
64.1,299.281428571,10.5,78.7114285714,2.67142857143,30.5,7,0.039425,0.1770714
118.35,298.995714286,41.7,83.4857142857,1.9714285714300002,31.3,14,0.072325,0.1732571
0.0,300.00142857099996,9.9,79.7457142857,2.87142857143,0.3,4,0.10505,0.16956549999999998
2.43,300.36714285700003,7.8,79.36428571430001,2.91428571429,0.5,9,0.032533335000000004,0.19337145
34.69,300.044285714,23.4,80.2457142857,2.1857142857099996,18.6,14,0.07626,0.13350715000000002
38.84,300.29571428599996,24.3,78.6385714286,2.91428571429,4.1,7,0.095733335,0.19619999999999999
5.87,300.488571429,21.3,78.62,2.4285714285699997,8.7,9,0.08156666500000001,0.12365710000000002
24.42,300.094285714,35.4,80.9171428571,2.54285714286,40.9,3,-0.0225,0.16164285
41.34,299.958571429,73.74,82.1328571429,1.77142857143,51.2,3,-0.03748464037627598,0.1571643
29.9,300.11714285700003,33.6,79.4542857143,2.74285714286,16.3,14,0.10877500000000001,0.22155714999999998
19.57,300.294285714,28.6,81.1042857143,2.51428571429,5.2,12,0.0981,0.12734285
57.65,299.84,42.79,82.3928571429,2.47142857143,53.4,10,0.0278041665,0.14983570000000002
20.35,299.761428571,45.7,83.28,2.02857142857,52.3,21,0.09317393943107263,0.15939285000000003
94.72,300.265714286,35.9,81.1428571429,2.1,50.0,26,0.075008335,0.19807855
8.83,300.138571429,35.9,82.22,2.0714285714300003,17.0,47,0.11158335,0.19097855000000002
11.47,300.548571429,46.4,83.16428571430001,2.58571428571,15.8,42,0.058225,0.19004284999999999
86.14,300.682857143,36.89,81.80857142859999,2.58571428571,18.1,31,-0.016775,0.1929286
13.18,300.42,39.6,78.78,2.4,25.4,34,0.11040666499999999,0.14331429999999998
46.15,300.13285714299997,39.0,84.4371428571,2.12857142857,31.2,33,0.10885,0.17197140000000002
70.29,300.564285714,26.0,80.08428571430001,2.6428571428599996,44.4,52,0.048862499999999996,0.095085715
99.33,299.478571429,182.0,83.5757142857,1.8428571428599998,6.3,56,0.033975,0.2063
80.85,299.608571429,27.34,82.2342857143,3.3428571428600002,8.7,70,0.1359153708045478,0.30344289999999996
0.78,300.38142857099996,7.27,77.5328571429,2.7,0.0,112,0.12237659748215095,0.25400714999999996
2.08,300.031428571,9.5,77.3071428571,2.04285714286,27.1,70,0.07931305490958016,0.18785000000000002
18.83,299.687142857,9.0,77.1628571429,2.2428571428599997,34.6,47,0.096475,0.12520715
50.55,299.491428571,40.5,82.7657142857,1.8,6.1,48,-0.013641933650553321,0.17478570000000002
4.76,299.62,42.9,82.27,2.2,81.8,49,0.1899,0.19334285
3.01,299.455714286,14.7,79.3957142857,1.87142857143,39.9,66,0.061450000000000005,0.33069285000000004
0.0,300.13285714299997,0.3,74.2814285714,2.67142857143,0.0,56,0.015286093235140106,0.23344284999999998
0.0,299.638571429,3.9,74.7957142857,2.47142857143,1.5,61,0.03774464317300908,0.24592855
22.52,299.214285714,16.3,79.47,2.5714285714300003,17.3,67,0.0711125,0.2195
-32.45640289189427,299.5758115534991,20.62234189722944,78.52605298473985,2.3873089547799835,-37.97296475840645,64,0.04665,0.10371427999999999
10.59,298.827142857,44.4,79.63142857140001,2.15714285714,33.3,68,0.042433335,0.17876425
106.97,297.612857143,53.2,84.69428571430001,1.8857142857099998,152.4,49,-0.0121875,0.20164284999999998
0.0,298.611428571,8.4,78.1828571429,2.4,4.8,50,0.106575,0.22177855
7.72,298.694285714,16.3,76.2614285714,2.34285714286,1.3,56,0.0886875,0.1387357
0.0,298.578571429,8.6,75.7771428571,3.27142857143,0.0,75,-0.050199999999999995,0.11241428
142.6,299.05857142900004,18.5,81.6128571429,2.95714285714,79.2,63,0.087075,0.17910715
0.0,297.59,3.1,70.7014285714,2.2428571428599997,8.7,62,0.07545264670850728,0.2391357
0.0,298.892857143,1.1,75.0157142857,2.2857142857099997,6.4,41,0.1197,0.19918165
0.0,297.655714286,10.3,77.9242857143,2.8428571428600002,7.0,50,0.07999999999999999,0.16752859999999997
0.0,298.278571429,42.78,80.7785714286,2.22857142857,15.1,34,0.07761396786484412,0.15084999999999998
0.0,298.17571428599996,0.6,72.6428571429,2.51428571429,27.7,31,0.074316665,0.21267144999999998
0.0,298.50285714299997,21.0,76.6757142857,2.55714285714,16.5,38,0.07431916268257507,0.17833335
72.98,298.044285714,41.2,81.4057142857,2.52857142857,15.5,30,0.047433335,0.13813809999999999
12.01,297.87142857099997,19.0,80.19,3.0,10.7,32,0.0566,0.10085712999999999
0.0,298.472857143,23.9,81.1457142857,2.15714285714,7.9,26,0.0534,0.11991425000000001
22.22,297.73571428599996,24.3,77.7128571429,2.15714285714,73.4,30,0.079233335,0.1462214
71.64,299.565714286,11.7,80.0728571429,2.3571428571400004,16.3,36,0.0762,0.21325715
0.0,299.13285714299997,17.6,77.3314285714,2.1857142857099996,6.9,35,0.08623965923533261,0.1390286
55.76,299.2,10.3,78.4014285714,3.62857142857,7.1,46,0.05904686520096042,0.11604165
56.4,300.02428571400003,53.7,84.0714285714,2.82857142857,59.1,48,0.015312500000000001,0.16953335
15.86,299.842857143,59.4,84.63571428569999,2.1857142857099996,13.8,44,0.0428,0.1598
8.19,299.61857142900004,35.8,82.46,2.32857142857,10.5,51,0.014033335000000001,0.13787144999999998
86.21,300.757142857,20.7,82.30571428569999,2.4285714285699997,38.6,59,0.12125,0.25599285000000005
49.52,300.517142857,15.4,78.53,2.3857142857099998,23.4,71,0.0617,0.1917286
72.08,299.944285714,71.33,84.02571428569999,2.3571428571400004,20.6,102,0.027075,0.14852855
20.06,300.595714286,33.31,80.08571428569999,2.3,0.0,128,0.08378749999999999,0.16386430000000002
54.05,300.452857143,45.31,81.29,2.3,11.7,127,0.015924999999999998,0.1790786
10.42,300.337142857,30.86,78.99,2.7142857142900003,62.5,150,0.038016665,0.075738095
68.74,299.82285714299996,93.68,82.2128571429,1.8857142857099998,81.9,191,0.08095,0.16895
16.03,300.06142857099996,107.87,83.7428571429,2.04285714286,20.5,256,0.133825,0.2581393
25.79,300.662857143,27.7,81.2171428571,2.91428571429,6.2,329,0.043145835,0.1642714
38.44,300.668571429,55.9,82.8,2.27142857143,3.8,263,0.073483335,0.17966664999999998
24.34,300.36714285700003,63.2,84.2028571429,1.72857142857,20.4,220,0.08195,0.1765
96.58,300.468571429,98.3,83.45,2.67142857143,146.4,204,0.053225,0.1725369
47.74,300.687142857,52.5,82.1928571429,2.9,27.4,181,0.046416664999999996,0.15209289999999998
72.73,300.147142857,73.6,84.0028571429,2.02857142857,61.3,99,0.066308335,0.13694285
35.03,300.587142857,33.83,82.3328571429,2.1857142857099996,39.7,54,0.057708290041981025,0.14848165
82.87,300.13,55.8,83.3314285714,1.8571428571400002,123.6,80,0.048850000000000005,0.2191357
223.61,300.597142857,124.4,78.7828571429,2.8,24.7,102,0.018,0.1651
33.26,300.712857143,28.3,79.9985714286,2.34285714286,25.0,127,0.02812113234197265,0.15612855
25.94,300.79571428599996,18.5,78.0985714286,2.6857142857099996,15.5,73,0.07838252591065645,0.16255
32.09,300.24714285700003,36.5,82.0385714286,2.12857142857,26.7,68,0.05315,0.19658335000000002
182.46,299.848571429,92.4,83.8657142857,2.08571428571,54.6,64,-0.05425,0.102078585
121.65,299.652857143,89.5,85.12,1.78571428571,81.5,55,0.036437988431095275,0.1955143
18.07,300.00285714299997,36.1,80.91428571430001,2.0714285714300003,8.7,67,-0.026691666500000003,0.14212978
110.03,298.67571428599996,143.4,86.2142857143,1.48571428571,71.3,84,0.07757723007633618,0.23517860000000002
0.0,299.232857143,57.1,80.02142857140001,2.01428571429,29.8,85,0.057925000000000004,0.1565
22.35,298.301428571,115.77,83.0242857143,1.8857142857099998,48.2,67,0.061200000000000004,0.06098571
152.94,298.094285714,158.72,85.9114285714,1.35714285714,97.6,73,0.0322666665,0.19315715
16.76,299.042857143,10.2,78.6685714286,1.9714285714300002,18.9,89,-0.086920835,0.20497855
0.0,299.282857143,12.8,78.4185714286,2.12857142857,29.7,68,-0.035191665000000004,0.12766875
75.46952793501653,299.38540125910777,42.603723906915484,79.81339582796797,2.443419578633736,42.809513180780954,59,0.07733812029150984,0.18015757235855293
45.39,298.7,17.72,80.5971428571,2.4285714285699997,16.2,56,-0.006404993343766811,0.17605835000000003
0.0,298.482857143,12.6,76.9542857143,1.6714285714300001,20.6,77,-0.088766665,0.1631131
47.16,297.861428571,20.62,81.31,2.2,27.2,75,-0.053875,0.14832145
0.0,297.44285714299997,40.75,79.6714285714,1.77142857143,8.6,47,-0.027625,0.16122859999999997
0.0,296.772857143,14.9,70.19857142859999,2.0,18.0,50,0.06302828875292615,0.1957143
0.0,296.668571429,4.7,68.6414285714,1.9142857142900003,2.9,42,0.07323012641671044,0.2187643
18.66,297.218571429,18.64,76.2457142857,2.5714285714300003,24.8,28,0.03135,0.17972855
23.9,295.93857142900004,8.7,72.2514285714,2.7142857142900003,0.0,37,0.107525,0.1279857
0.0,297.542857143,8.3,77.4271428571,2.7857142857099997,40.1,37,-0.006483335,0.17959170000000002
0.0,297.88285714299997,0.4,71.69142857140001,2.48571428571,0.0,27,-0.0139,0.19477265
5.5,297.542857143,5.5,74.80428571430001,3.0,8.4,12,-0.032275,0.26640715
5.24,298.222857143,3.1,73.94,2.8428571428600002,0.0,15,0.083666665,0.19092855
15.91,298.30857142900004,8.9,78.91,2.3142857142900004,7.9,22,-0.022000000000000002,0.1471619
18.76,297.97571428599997,16.2,75.3885714286,2.58571428571,30.8,8,0.037432076229049774,0.2058929
75.59,297.481428571,12.76,73.6414285714,3.6,19.8,15,0.0346,0.10014999499999999
0.0,299.254285714,2.0,75.39,3.2,9.2,17,0.063275,0.15308570000000002
10.2,299.035714286,5.35,74.7985714286,2.72857142857,4.1,10,0.0503,0.16604164999999999
88.2,299.43142857099997,13.3,78.6828571429,2.08571428571,0.5,9,0.056033335000000004,0.1810429
46.5,299.098571429,14.28,76.30857142859999,2.58571428571,73.1,11,0.06579579774033954,0.08076
33.82,299.775714286,22.1,76.5985714286,3.1857142857099996,14.3,20,0.08219473410236029,0.18181425
15.26,300.052857143,18.64,79.7171428571,2.2142857142900003,8.2,13,0.07372627981145835,0.17698575
2.16,300.587142857,6.6,77.3714285714,3.25714285714,5.9,11,0.013766664999999999,0.10572498500000001
100.35,300.025714286,24.8,80.7542857143,2.5,56.8,16,0.0499,0.07618333
115.14,300.351428571,30.1,79.75,2.3857142857099998,17.6,11,0.07049990699506462,0.10696665
96.93,299.36714285700003,81.61,83.9614285714,1.9428571428599999,60.6,7,0.04355354429601473,0.10617499999999999
17.32,300.148571429,25.74,81.25,2.34285714286,5.4,17,0.06813978327584502,0.14764285
73.3,299.504285714,55.1,80.7985714286,2.3571428571400004,36.6,14,0.09181667,0.18137140000000002
29.53,299.79,58.2,81.8471428571,2.5,17.5,13,0.0609625,0.11611335
96.36,299.85,66.52,83.9185714286,2.0,56.2,15,0.08315,0.20032145
8.53,300.064285714,32.44,80.9685714286,2.47142857143,19.9,30,0.049550000000000004,0.23853570000000002
22.01,300.49857142900004,29.35,81.6728571429,2.4285714285699997,18.8,25,-0.026412500000000002,0.16624289999999997
44.23,299.97,61.7,82.6457142857,1.8428571428599998,26.7,40,0.09336668652484217,0.19074285
31.78,300.327142857,46.2,81.3871428571,2.02857142857,10.0,44,0.039425,0.18419285000000002
133.65,300.227142857,61.8,81.9985714286,2.1428571428599996,78.5,25,0.01095,0.16107855
30.98,300.458571429,25.74,81.0028571429,1.9857142857099999,69.7,21,0.019707554759856697,0.19912855
66.06,300.58428571400003,40.7,79.9657142857,2.2142857142900003,32.5,48,0.07367499999999999,0.09425
121.24,300.961428571,34.13,79.6971428571,2.15714285714,35.1,56,0.027687499999999997,0.14183449999999997
44.44,300.57285714299996,30.4,79.39,2.7,31.3,60,0.0742,0.12032860000000001
62.41,300.64428571400003,64.72,79.8371428571,2.2142857142900003,38.9,45,0.04481667,0.16563329999999998
52.34,300.49714285700003,22.37,79.6742857143,1.9428571428599999,16.2,55,0.07301666500000001,0.17540715
45.32,299.827142857,41.31,79.16,1.9571428571400002,27.8,32,0.020224999999999993,0.07434167
171.59,300.025714286,40.8,82.6571428571,1.8571428571400002,71.5,46,0.01751806336436295,0.036737500000000006
67.94,299.804285714,138.1,85.3771428571,2.1857142857099996,58.4,61,0.04052900751737514,0.12397021999999999
4.84,299.96,24.52,81.6285714286,1.8857142857099998,40.9,42,0.08307500000000001,0.1696702
20.03,299.304285714,53.27,81.4885714286,2.04285714286,37.1,37,0.1095375,0.089408335
83.66,298.968571429,104.51,85.4042857143,1.8142857142900002,62.1,43,0.01465,0.045456665
224.9,298.732857143,140.2,86.4057142857,1.9,88.9,34,0.03585,0.09822
2.11,298.782857143,8.7,78.6828571429,3.25714285714,13.2,40,0.12918749999999998,0.106109505
63.47,297.332857143,107.84,81.86428571430001,1.4,126.0,25,0.07959096538641977,0.23553335
0.0,297.4,8.78,72.6528571429,1.8142857142900002,7.6,16,0.0918275,0.103228585
0.0,297.38285714299997,14.5,76.4971428571,1.8,10.9,17,0.117925,0.103978555
40.35,298.36714285700003,12.34,76.3171428571,2.6428571428599996,7.9,17,-0.0974125,0.127255555
81.73,298.148571429,32.3,79.6071428571,1.9,28.6,16,0.18382500000000002,0.11785831499999999
45.19,297.44142857099996,47.1,77.3428571429,2.05714285714,12.0,23,0.322425,0.20765715
0.0,296.588571429,14.7,70.4571428571,1.8428571428599998,17.7,18,0.33015,0.30885
0.0,296.184285714,0.7,67.7657142857,3.1,2.0,18,0.28495,0.355585
0.0,297.671428571,2.02,74.0628571429,2.2428571428599997,14.1,9,0.259225,0.19981665
24.19,297.67571428599996,2.6,76.5028571429,2.1142857142900002,3.0,7,0.08805007969965176,0.18233575000000002
0.0,297.745714286,3.1,76.1171428571,2.3571428571400004,3.8,7,0.18315335000000002,0.12507855499999998
7.67,297.088571429,13.41,74.0642857143,1.9857142857099999,3.8,4,0.13862124633487938,0.1488369
98.45,296.552857143,14.91,75.7214285714,2.47142857143,15.0,3,0.18322500000000003,0.18792145
11.48,296.202857143,1.1,66.7357142857,3.02857142857,0.0,2,0.29895,0.1598543
25.96,296.315714286,3.29,72.1428571429,2.3571428571400004,0.8,8,0.2309875,0.1232
0.0,296.744285714,6.8,71.39,2.32857142857,3.5,3,0.20865,0.20757854999999997
2.09,296.352857143,5.14,71.3514285714,4.07142857143,3.1,1,0.10756869460665802,0.23489645
7.23,297.817142857,17.9,77.7857142857,2.55714285714,13.3,1,0.12569998500000001,0.19245715000000002
0.0,297.75285714299997,5.3,75.8428571429,3.54285714286,6.3,2,0.0884625,0.15115715000000002
0.0,297.622857143,14.9,74.7542857143,2.22857142857,18.6,3,-0.10515,0.08320357
82.06,298.342857143,5.0,78.2442857143,3.2,1.3,3,0.143575,0.1995786
6.13,298.648571429,3.4,76.2142857143,2.44285714286,3.6,2,0.12145,0.1292357
21.53,298.32,16.35,78.3371428571,2.77142857143,7.7,0,0.08318112414987257,0.14173570000000002
68.14,298.771428571,10.06,77.7128571429,2.6428571428599996,83.3,0,0.087125,0.16770595
39.45,298.778571429,13.8,79.1971428571,2.91428571429,0.3,2,0.1513,0.14832855
48.51,299.28,17.1,78.5371428571,2.4285714285699997,25.6,2,0.10183,0.16620855
46.02,299.624285714,10.95,79.05142857140001,2.45714285714,4.8,0,0.14203749999999998,0.14378575
46.38,299.785714286,21.3,75.7485714286,2.3571428571400004,26.2,6,0.09995000000000001,0.1784333
45.96,299.50285714299997,30.64,80.8457142857,2.32857142857,15.6,3,0.15271665,0.2659643
33.94,299.607142857,19.02,77.6171428571,2.15714285714,31.5,6,0.122275,0.16338809999999998
7.95,300.11857142900004,12.7,77.6814285714,2.2857142857099997,27.1,2,0.07697499999999999,0.084791665
5.81,300.025714286,16.7,78.1257142857,2.2857142857099997,3.5,3,0.17435,0.25847855
9.53,300.164285714,23.18,78.6042857143,2.9,22.7,2,0.20635,0.26785715
0.0,299.908571429,19.7,79.00857142859999,2.3571428571400004,7.9,4,0.24714999999999998,0.24044284999999999
32.67,300.034285714,33.7,80.7514285714,2.32857142857,32.7,5,0.138825,0.11872
60.71,299.924285714,60.66,82.02142857140001,2.51428571429,37.2,2,0.13230835,0.2504571
8.62,300.528571429,27.72,79.5071428571,2.2,26.9,9,0.15342499999999998,0.22882855
27.4,300.468571429,29.66,79.55857142859999,2.82857142857,13.7,2,0.18495,0.19086904999999998
164.26,299.96,87.78,82.6757142857,2.3,156.6,4,0.15457181333115,0.23569285
26.9,300.517142857,22.0,80.6785714286,2.7142857142900003,16.8,8,0.12134999999999999,0.23230835
30.52,300.794285714,18.79,78.94857142859999,2.2857142857099997,9.3,6,0.1042,0.27576429999999996
50.88,300.577142857,56.4,79.58428571430001,2.47142857143,18.5,3,0.17038335,0.19011499999999998
42.65,299.88,42.8,82.2828571429,1.72857142857,30.6,11,0.09931904789850246,0.12027335
126.67,300.202857143,35.3,82.58571428569999,2.37142857143,16.1,14,0.2084625,0.31900715
8.57,300.271428571,15.4,76.3714285714,3.41428571429,20.1,15,0.32032499999999997,0.3320893
37.34,300.418571429,11.22,78.1814285714,3.7857142857099997,21.8,20,0.094925,0.14586428
62.57,300.018571429,15.3,77.4428571429,3.45714285714,24.1,9,0.19165,0.12020249999999999
80.61,300.261428571,20.3,80.0071428571,2.9,18.8,20,0.179075,0.1484333
77.9,299.06142857099996,28.8,72.6842857143,3.62857142857,44.9,28,0.06863335,0.09899285499999999
6.3,299.187142857,2.1,70.9771428571,4.1,1.3,38,0.05495,0.11090714500000001
0.0,299.92,7.18,72.9257142857,2.7142857142900003,14.7,30,0.04787577619253587,0.154466665
11.07,299.61857142900004,24.8,77.6485714286,2.3571428571400004,30.0,30,0.128315,0.16578335
19.69,299.702857143,6.8,77.3571428571,2.05714285714,6.4,23,0.099675,0.08187498500000001
0.0,299.27,3.99,72.2614285714,2.52857142857,7.1,16,0.045766665,0.039807145
0.0,298.581428571,37.39,76.52571428569999,1.7142857142899999,63.2,22,0.054975,-0.009428569999999997
0.0,298.477142857,1.3,76.5057142857,3.2857142857099997,1.9,28,0.005733333,0.2066143
49.81,298.61857142900004,1.0,74.33571428569999,3.3142857142900004,15.2,14,0.09508333499999999,0.18439165
0.0,297.828571429,1.1,71.94142857140001,3.41428571429,4.8,17,0.041859498485547646,0.18276785
0.0,298.017142857,10.24,75.38,2.1428571428599996,31.5,20,0.04625,0.22362139999999997
23.78,297.972857143,32.36,79.0314285714,2.74285714286,21.6,17,0.025187499999999998,0.22336425000000001
10.73,297.877142857,11.2,74.3442857143,2.1142857142900002,8.5,10,0.027926671559064455,0.16323569999999998
0.0,297.934285714,22.28,75.8514285714,2.34285714286,4.8,13,-0.019625,0.16386430000000002
0.0,297.817142857,3.02,73.0728571429,2.1428571428599996,17.6,20,0.1811333,0.21926425
0.0,297.152857143,25.89,76.9071428571,2.01428571429,53.1,9,0.37928335,0.30539165
6.84,297.13428571400004,0.5,73.3871428571,3.14285714286,0.0,18,0.251475,0.26657145
0.0,298.55857142900004,10.5,76.2471428571,3.62857142857,0.5,9,0.4229,0.1958643
0.0,298.372857143,1.69,72.4428571429,2.44285714286,12.7,8,0.09367915,0.15005715000000003
6.11,297.69285714299997,21.55,80.83571428569999,2.1,26.7,19,0.16523176571227483,0.23069285
0.0,298.87142857099997,3.45,74.43,2.67142857143,0.5,11,0.15855,0.15189285000000002
5.2,298.112857143,23.5,77.0228571429,2.37142857143,13.0,4,0.18323715580531424,0.29531665
11.84,298.267142857,3.59,72.64,3.8142857142900004,8.1,6,0.07553333500000001,0.21365
35.69,298.75142857099996,22.36,76.5814285714,3.12857142857,20.6,6,0.0588145646143073,0.11795715000000001
19.98,298.287142857,9.03,75.7142857143,2.6,16.0,8,-0.023322843112016076,0.18161425
59.89,299.418571429,16.8,78.5671428571,3.2,64.3,13,0.0538,0.055778575
77.36,299.13428571400004,78.1,82.35,2.9428571428600003,60.5,8,0.0986,0.1875202
35.54,299.951428571,2.0,76.07,3.82857142857,7.4,8,0.08171999999999999,0.1690429
10.8,299.781428571,8.1,78.1514285714,3.08571428571,16.6,5,0.0476,0.1818595
61.33,299.944285714,5.85,77.1628571429,3.64285714286,6.7,16,0.028275,0.1803643
21.93,300.424285714,7.0,76.4257142857,3.1142857142900002,20.9,12,0.04228729773943732,0.24603570000000002
63.35,299.918571429,7.02,75.4614285714,3.24285714286,2.3,11,-0.020658335,0.12510710000000003
37.72,300.54,13.37,77.6171428571,3.12857142857,11.1,18,-0.019125,0.19442140000000002
85.42,300.207142857,28.1,79.5785714286,2.75714285714,16.8,10,0.034116665000000004,0.19757144999999998
21.89,300.642857143,13.5,77.5828571429,2.72857142857,20.0,22,-0.026499999999999996,0.18845715
49.38,300.37142857099997,18.3,77.5871428571,3.1142857142900002,10.6,14,0.038366665,0.19895715000000003
35.85,300.555714286,21.24,78.0614285714,3.25714285714,4.5,16,-0.007050000000000001,0.1841857
73.2,300.398571429,50.34,78.67,2.65714285714,46.0,18,0.07095,0.13932859999999997
40.4,300.712857143,32.62,79.7128571429,2.54285714286,49.0,27,0.2238,0.19045
29.0,300.742857143,50.46,82.0871428571,2.6,24.3,38,0.10884165000000001,0.2029643
40.3,300.791428571,62.4,81.0757142857,2.54285714286,1.8,35,0.014875,0.20197145
132.53,300.76,44.3,77.3471428571,3.45714285714,65.0,41,0.058697868029689085,0.2112
68.85,300.75142857099996,23.4,78.8271428571,3.0571428571399997,71.5,51,0.020387499999999996,0.2750357
9.73,300.805714286,14.7,77.41,3.48571428571,5.6,65,0.2155,0.37196425
10.01,301.07,12.9,77.2357142857,3.2142857142900003,56.8,55,0.0032333350000000004,0.1524595
84.76,300.738571429,19.69,77.55571428569999,3.17142857143,15.8,54,0.1103375,0.25075000000000003
20.8,301.255714286,16.4,77.63,3.27142857143,6.6,62,0.12490000000000001,0.20957140000000002
27.82,300.93,42.3,78.8914285714,2.37142857143,32.0,64,0.0633,0.21345714999999998
91.83,300.325714286,53.0,79.27,2.8857142857099998,67.6,56,0.057039406557382065,0.19087854999999998
39.7,300.258571429,25.68,80.13142857140001,2.74285714286,15.0,65,0.099,0.23786430000000003
0.49,300.391428571,21.91,80.27,2.47142857143,11.3,71,0.0201,0.19374285
28.03,300.062857143,17.86,75.4242857143,3.6,36.7,75,0.018500000000000003,0.09318095000000001
287.55,299.42,133.93,81.0814285714,2.2428571428599997,96.0,71,0.10339999999999999,0.2046857
45.8,299.345714286,18.9,79.8614285714,3.8,2.9,72,0.1781375,0.2269643
9.43,298.91,7.81,74.3442857143,3.3857142857099998,4.4,47,0.22065,0.2096643
43.91,298.245714286,13.2,74.0385714286,3.48571428571,44.0,27,-0.0437,0.09172142999999999
31.01,299.05714285700003,33.78,82.1671428571,2.2142857142900003,87.8,35,0.0527875,0.19174285
91.66,298.43142857099997,100.6,84.01,1.9857142857099999,80.3,25,0.039691665,0.06082857
72.18,298.42714285700004,35.2,85.5142857143,1.8285714285699999,106.2,19,0.15863335,0.21006665000000002
0.0,298.955714286,2.5,76.4342857143,2.51428571429,24.9,37,0.067891665,0.16993575
0.0,298.452857143,13.8,80.5728571429,2.7857142857099997,13.7,38,0.19821249999999999,0.212125
0.0,298.551428571,1.21,76.7342857143,3.2,2.9,34,0.056,0.17597855
0.0,298.315714286,12.44,78.0785714286,1.9428571428599999,19.1,26,0.047716665000000005,0.14016430000000002
0.0,298.2,10.8,76.92,2.1857142857099996,38.1,19,0.05327373375547258,0.17774044778945372
0.0,297.722857143,24.0,76.7228571429,2.2,21.1,18,-0.0103,0.13445000000000001
0.0,297.988571429,3.6,75.5771428571,2.55714285714,4.3,22,0.0707125,0.22623569999999998
0.0,298.101428571,3.9,75.9328571429,3.14285714286,6.4,16,0.054775000000000004,0.19965715
0.0,297.16571428599997,12.8,73.1471428571,3.0714285714300003,3.3,18,0.06384999999999999,0.15027144999999997
0.0,297.09,7.8,74.4271428571,2.77142857143,0.6,6,0.04655,0.2242
40.27,297.592857143,11.8,76.1685714286,2.2,14.1,12,0.09817500000000001,0.20455715000000002
0.0,297.98571428599996,0.6,74.9171428571,3.0714285714300003,6.5,6,0.16115000000000002,0.26359285
0.0,298.275714286,2.2,75.2157142857,3.1,0.6,6,0.24719999999999998,0.32065714999999995
49.74,298.08,17.8,78.5657142857,3.5714285714300003,7.7,3,-0.00215,0.19718570000000002
50.67,298.32285714299996,55.1,81.1414285714,2.6857142857099996,15.7,7,0.005324999999999998,0.12035710000000002
0.0,297.044285714,22.4,73.84,2.65714285714,17.8,6,0.050339058840499655,0.19057855
214.76,297.97,31.0,83.6571428571,2.51428571429,69.7,1,0.01715,0.1126
74.01,298.537142857,18.0,81.7028571429,2.8142857142900004,10.5,3,0.15610000000000002,0.1826214
87.81,298.964285714,11.0,78.6071428571,2.5,56.5,2,0.177425,0.19345715
0.0,298.994285714,9.3,76.0871428571,2.4,15.4,2,0.10552500000000001,0.2414286
41.09,299.667142857,5.5,76.9014285714,2.47142857143,2.9,1,0.068375,0.20627855
3.99,299.75285714299997,8.2,77.0928571429,2.5714285714300003,4.8,10,0.065525,0.1788143
65.82,299.601428571,15.65,81.8514285714,2.87142857143,12.9,3,0.057025,0.1407929
84.35,299.887142857,17.55,81.0428571429,3.1857142857099996,4.5,3,0.05046794375046467,0.10932145
0.0,300.221428571,15.73,79.73,2.7857142857099997,12.7,1,0.04383476851027567,0.1785143
5.94,299.85571428599997,24.1,79.50857142859999,2.47142857143,25.0,1,0.08010109537902177,0.20525715
2.3,300.411428571,10.8,77.19857142859999,2.32857142857,3.6,2,-0.0015833335000000003,0.18608575
22.49,300.08428571400003,11.65,78.7471428571,2.45714285714,29.6,6,-0.0024749999999999998,0.2331143
58.06,300.54,10.3,78.3114285714,2.97142857143,57.2,3,0.039867183313214656,0.18418574999999998
1.07,300.547142857,7.09,75.8671428571,2.6142857142900002,16.3,3,-0.045891665,0.2219143
44.7,300.43142857099997,47.12,81.6228571429,2.5714285714300003,28.0,5,-0.027899999999999998,0.12237735
39.52,301.00285714299997,9.36,77.7885714286,3.51428571429,3.6,4,0.02725,0.26039999999999996
33.21,300.892857143,23.78,78.94428571430001,2.8,13.6,7,0.019375,0.16879285
22.89,300.77428571400003,39.62,79.0942857143,2.44285714286,48.1,6,0.0001999999999999988,0.19251665
18.67,301.137142857,15.0,76.1885714286,2.77142857143,13.5,5,-0.001775,0.15715715000000002
109.38,300.695714286,46.4,78.6071428571,2.3,105.0,7,0.07715,0.16426190000000002
7.92,301.222857143,10.9,76.6785714286,3.35714285714,2.3,6,0.0037750000000000006,0.23596425
57.98,301.238571429,27.5,78.4885714286,2.6,53.2,4,0.027885814811231736,0.15345715000000001
26.31,300.987142857,13.4,77.8514285714,3.24285714286,48.0,4,0.046475,0.105921405
73.11,301.06142857099996,20.0,79.2814285714,2.4285714285699997,72.7,7,0.07350833500000001,0.073835715
17.48,300.728571429,25.5,78.80857142859999,2.72857142857,26.0,9,-0.063875,0.23085
91.69,300.47,23.5,78.94857142859999,2.6,6.1,5,0.036508684808901015,0.15816429999999998
9.5,300.548571429,27.0,79.2171428571,2.48571428571,53.3,5,-0.11255000000000001,0.21932145
33.29,300.518571429,34.7,77.62,2.58571428571,31.3,10,-0.00905,0.18944289999999997
14.05,300.44,9.5,76.1671428571,3.1,8.4,6,0.18581,0.30515000000000003
0.0,300.54571428599996,7.6,73.7814285714,2.6857142857099996,3.8,13,0.07235414999999999,0.26294285
100.94,299.982857143,32.3,78.6057142857,2.6857142857099996,30.8,6,-0.04305880342370892,0.2067214
11.61,300.048571429,22.77,78.9628571429,2.48571428571,28.0,5,-0.021441666499999998,0.28402859999999996
0.0,300.17,5.9,74.3728571429,2.7142857142900003,2.9,5,-0.18241665,0.2639643
7.32,299.892857143,7.45,74.5171428571,1.77142857143,40.6,9,-0.1233,0.18530000000000002
0.0,299.37857142900003,8.3,74.9428571429,2.37142857143,18.6,3,-0.085975,0.19710715
6.58,298.638571429,19.7,79.4828571429,2.7857142857099997,31.7,6,-0.10850000000000001,0.19018095000000002
0.0,298.041428571,20.5,80.30857142859999,1.6571428571399998,25.7,11,-0.0586,0.20308569999999998
0.0,298.61571428599996,36.6,78.6714285714,2.04285714286,35.3,7,-0.135483335,0.18151665
0.0,298.861428571,2.5,75.7028571429,3.0714285714300003,0.0,7,0.0274125,0.25963575
0.0,299.042857143,3.6,75.0157142857,2.7,2.9,15,0.06255749999999999,0.1673714
0.0,298.18142857099997,32.3,79.5171428571,2.65714285714,59.7,9,0.0378,0.09283930000000001
25.2,298.211428571,18.4,78.8414285714,2.7,19.4,6,0.06345,0.18432855
68.17,298.37,33.6,79.72428571430001,2.32857142857,37.1,6,-0.032061144512194016,0.20738335000000002
0.0,298.78,9.7,75.0771428571,2.65714285714,7.4,6,-0.016475,0.15995715
0.0,298.67,7.2,74.7342857143,2.3,8.2,7,-0.015283335,0.14237500000000003
0.0,298.73571428599996,0.5,72.69,3.01428571429,5.1,10,-0.173675,0.31100715
0.0,299.004285714,2.7,74.6085714286,2.62857142857,2.6,8,0.036725,0.11918575000000001
0.0,298.88142857099996,1.8,72.13571428569999,2.4285714285699997,1.3,7,-0.018906665000000003,0.16895715
0.0,298.75285714299997,7.3,74.3257142857,3.75714285714,2.0,12,-0.10423750000000001,0.16975
0.0,298.9,7.5,76.1342857143,3.37142857143,30.0,3,0.020825,0.1256143
38.52,298.33,43.64,79.63571428569999,2.7,28.2,2,0.113558335,0.14552145
5.96,298.702857143,23.5,80.24142857140001,2.74285714286,46.5,7,0.01332886127214186,0.085107145
389.6,298.445714286,111.7,83.7514285714,2.7857142857099997,88.2,5,-0.1016,0.15407139999999997
26.56,299.185714286,15.2,80.0714285714,3.08571428571,75.2,5,0.0518,0.23167139999999997
16.65,300.038571429,1.5,74.80857142859999,3.01428571429,2.5,7,0.012212499999999998,0.2519488
10.86,299.577142857,7.7,74.23,2.7142857142900003,7.0,7,-0.014175,0.17065000000000002
60.93,299.63428571400004,13.76,76.7042857143,2.32857142857,10.1,7,0.01600176543301367,0.1384857
111.7,299.508571429,28.3,81.2914285714,2.4,22.9,7,-0.0266333335,0.1869857
9.1,300.091428571,1.6,76.33428571430001,2.72857142857,3.3,10,0.045003240033214306,0.18622855
18.25,299.75285714299997,20.1,77.1414285714,2.7142857142900003,33.8,13,0.053254165,0.10403214499999999
39.21,299.885714286,21.81,77.7314285714,2.45714285714,36.6,10,0.05795,0.1550143
17.92,299.911428571,18.4,80.98,2.4,0.6,14,-0.11612499999999999,0.139
0.0,300.35571428599997,5.8,78.9285714286,2.54285714286,13.0,11,-0.029775000000000003,0.2084714
10.83,299.92714285700004,44.04,79.6585714286,2.54285714286,17.9,20,0.1607883302124851,0.18334285
62.57,300.154285714,21.9,79.7442857143,1.9142857142900003,43.0,25,-0.08470835,0.2058857
0.0,300.50142857099996,13.4,77.8,2.8,8.0,17,0.0853,0.15901425
41.92,300.13,46.9,82.6014285714,1.8285714285699999,48.9,18,0.00715,0.17501665
28.0,300.38,22.5,80.84,2.2571428571400003,8.2,25,0.057416665,0.20922854999999999
11.37,300.512857143,29.1,79.7885714286,2.55714285714,17.0,21,0.03325,0.21327855
42.46,300.77428571400003,31.0,78.2542857143,2.7857142857099997,25.7,31,0.06225,0.15977144999999998
98.68,300.668571429,50.86,80.7971428571,2.54285714286,69.6,32,0.06162133761336523,0.18236425
86.4,300.63142857099996,63.0,82.7842857143,2.1857142857099996,29.8,26,0.028443955034970235,0.2222786
16.81,300.967142857,12.5,79.7042857143,3.14285714286,20.9,35,0.040465,0.24131429999999998
38.7,301.142857143,13.9,77.3671428571,3.45714285714,2.3,28,-0.0037374999999999978,0.23682145
99.61,300.791428571,26.59,80.53,2.7142857142900003,76.5,37,0.004924999999999999,0.23324285
78.94,301.194285714,11.0,79.3557142857,2.9,9.9,41,0.01833742058223841,0.21315
0.61,300.932857143,6.3,76.4357142857,2.85714285714,0.8,34,0.026575,0.13690714999999998
118.5,300.678571429,97.7,80.25,2.51428571429,61.0,30,0.0266,0.25556429999999997
20.44,301.09,10.7,77.5314285714,2.85714285714,10.9,39,0.006850000000000002,0.14905000000000002
96.7,300.952857143,17.08,77.5614285714,2.8,11.0,39,0.044775,0.091382145
79.96,300.162857143,35.9,78.08,3.27142857143,62.4,39,0.0917046304207348,0.13125835000000002
97.28,300.054285714,92.1,81.8257142857,2.3,74.7,34,0.06231250000000001,0.07018571
390.6,299.07285714299996,181.74,87.5757142857,1.9857142857099999,133.2,30,-0.10147500000000001,0.1315786
16.2,298.814285714,38.7,83.41,2.3571428571400004,54.2,37,-0.053962500000000004,0.2227
0.0,299.107142857,10.26,77.30857142859999,1.9428571428599999,2.1,29,0.025175000000000003,0.1225262
182.81,299.174285714,50.6,78.2328571429,2.1428571428599996,82.8,26,-0.1507,0.13472734999999997
0.0,298.555714286,12.28,80.7971428571,2.15714285714,11.0,15,-0.045066665,0.2441548
1.96,299.044285714,9.14,78.6885714286,2.7,12.0,22,-0.009475,0.15304095
22.70146469493849,299.4792923905313,20.866039521226043,72.32599300175006,2.7277086841998757,29.35428927040979,15,-0.196,0.20015
0.0,297.648571429,20.7,72.5771428571,2.02857142857,15.6,20,-0.02795,0.21858575000000002
36.07,297.8,20.2,78.9428571429,2.17142857143,23.7,14,0.009597668321891462,0.28600000000000003
0.0,297.728571429,1.1,78.2642857143,3.04285714286,10.2,10,-0.1824875,-0.0026416649999999996
0.0,297.56,2.0,75.4228571429,2.45714285714,1.8,21,-0.08075,0.2583357
0.0,297.971428571,3.8,76.5228571429,2.8428571428600002,4.6,14,-0.0166459080507656,0.2349143
0.0,298.325714286,3.04,74.65,1.9857142857099999,15.0,14,-0.0096,0.21947139999999998
0.0,298.288571429,1.7,73.7914285714,2.45714285714,11.4,9,-0.11674999999999999,0.15162145
0.0,297.534285714,19.92,79.0271428571,2.62857142857,19.3,11,0.054595835,0.14872145
0.0,297.82428571400004,16.2,77.7614285714,2.6857142857099996,15.8,5,0.01335,0.2281857
0.0,297.504285714,6.27,72.30571428569999,2.22857142857,2.5,6,-0.011125000000000001,0.17025
0.0,298.254285714,13.81,78.5471428571,2.5714285714300003,12.2,7,0.019357262432840645,0.01997143
0.0,298.32,11.1,76.8714285714,2.2857142857099997,3.0,11,-0.166408335,0.12608335
28.35,296.89428571400003,81.1,80.3657142857,2.41428571429,60.7,4,0.01808679846330644,0.15300715
0.0,297.758571429,11.0,76.44571428569999,3.2,5.6,3,0.3173,0.3142143
5.75,298.694285714,2.6,77.06,3.1,31.5,2,0.01115,0.18940715000000002
23.59,298.66,13.8,71.9542857143,2.5714285714300003,5.6,6,-0.017509816941801384,0.24229284999999998
75.28,299.064285714,11.86,78.6028571429,2.51428571429,23.4,10,-0.03902879965402971,0.10934164999999998
9.57,299.09,20.56,75.38571428569999,2.3,30.2,7,0.017109360806410977,0.10564165
15.78,298.765714286,36.9,81.7114285714,2.65714285714,18.1,5,0.014062500000000006,0.15884665
96.99,298.12142857099997,79.0,83.8328571429,1.77142857143,53.6,3,0.05651667,0.1227143
175.41,298.36571428599996,90.2,83.55,2.0,145.8,12,-0.016849998499999998,0.15895715
13.51,300.054285714,5.36,80.91428571430001,2.9,4.6,13,-0.049545,0.09741430499999999
6.12,299.817142857,30.07,80.1771428571,2.3142857142900004,17.6,10,-0.01115,0.15972145
13.07,300.037142857,20.0,81.5614285714,3.24285714286,81.5,13,0.046182499999999994,0.1402
41.41,300.537142857,17.0,78.2971428571,2.85714285714,8.9,13,0.0031249999999999997,0.17699284999999998
28.37,300.64428571400003,32.2,78.4814285714,2.6142857142900002,67.6,8,0.008577408747675628,0.14815715
39.05,300.258571429,43.83,79.1814285714,2.5714285714300003,76.5,21,-0.019216665,0.17172145
59.15,300.575714286,15.8,79.9957142857,2.2,16.0,18,-0.07694999999999999,0.16757859999999997
23.74,300.401428571,31.21,77.4985714286,2.6857142857099996,26.2,8,0.078616665,0.16178575
40.86,300.234285714,31.51,81.8071428571,2.5714285714300003,44.0,7,-0.033066665,0.1739143
35.99,300.588571429,24.6,79.02571428569999,2.97142857143,12.8,20,0.01925,0.17895715
20.92,300.995714286,14.1,76.1714285714,2.65714285714,10.5,14,0.07289999999999999,0.15135715
37.3,300.794285714,44.4,81.2642857143,2.58571428571,28.3,14,-0.0191375,0.1761
20.3,300.912857143,13.5,79.6842857143,2.6428571428599996,20.6,7,0.08145,0.10504285
62.61,300.861428571,25.37,76.7114285714,2.62857142857,23.8,14,0.0456,0.1811643
42.51,300.958571429,33.4,79.8657142857,2.34285714286,20.6,10,0.0912625,0.10095000500000001
52.29,301.1,16.0,80.0328571429,2.4285714285699997,32.8,13,0.0284853361659258,0.117157165
245.73,299.798571429,254.95,85.33,2.54285714286,158.2,27,-0.031136225422537744,0.22922854999999998
10.06,301.028571429,8.57,76.4714285714,3.67142857143,21.8,13,0.02055,0.21110665
34.73,300.68,35.7,78.4771428571,2.55714285714,24.4,18,0.004233335000000001,0.07441905
83.2,300.508571429,41.4,80.66571428569999,3.1571428571399998,41.4,16,0.04901796622949414,0.22494999999999998
10.82,300.647142857,18.0,76.9228571429,2.44285714286,15.1,16,0.08576666499999999,0.080908335
96.72,299.892857143,25.2,80.6557142857,2.37142857143,34.1,20,0.08410000000000001,0.1071143
105.49,299.67,31.2,77.5328571429,2.4,109.0,17,0.13125,0.21808214999999997
18.75,299.921428571,24.5,77.3114285714,2.4,7.7,4,0.009275,0.051885715
122.87,298.547142857,145.8,83.6285714286,1.8571428571400002,70.7,15,0.1605,0.17947855000000001
18.37,298.43,24.9,74.3028571429,1.9714285714300002,26.9,8,-0.0086,0.21896425000000003
0.0,298.791428571,2.71,73.7571428571,2.1142857142900002,7.7,6,-0.12492500000000001,0.24200715
0.0,298.164285714,2.8,74.3257142857,2.3571428571400004,10.4,12,-0.015050000000000001,0.19398335
5.54,298.802857143,29.32,80.8885714286,2.2428571428599997,30.6,15,-0.086525,0.15853690000000004
150.31,298.682857143,41.3,83.9528571429,2.05714285714,55.7,11,-0.094533335,0.16991785
126.5934923358674,298.9416225728807,31.3488282982462,79.99558536048691,2.744966528958812,26.084795996882402,10,0.006670413217679464,0.16696585791687185
0.0,297.587142857,21.68,74.7785714286,1.9571428571400002,23.8,15,-0.020866665,0.11255000000000001
0.0,297.6,43.1,78.7985714286,1.9142857142900003,55.6,17,0.0025375,0.13039289999999998
14.67,297.395714286,76.36,83.05571428569999,1.9142857142900003,32.4,7,-0.09414165000000001,0.21312855
15.2,296.535714286,31.85,78.5385714286,2.65714285714,34.0,7,-0.0023999999999999994,0.15997145000000002
0.0,296.152857143,31.8,78.64,1.9714285714300002,5.4,8,-0.0158,0.19187145
0.0,296.101428571,6.4,70.7957142857,3.1142857142900002,10.1,9,-0.059550000000000006,0.3039571
0.0,296.352857143,5.3,72.2457142857,3.08571428571,4.6,12,0.04611359178499545,0.1799714
0.0,296.48,10.1,74.19142857140001,2.15714285714,2.1,12,0.029874999999999995,0.1939214
0.0,297.271428571,5.92,78.6671428571,2.95714285714,5.3,5,-0.072400015,0.13523335
3.93,298.06142857099996,3.3,77.3928571429,4.3571428571399995,0.0,4,0.03826997277470735,0.24780709999999997
0.0,297.851428571,0.3,73.58571428569999,4.25714285714,0.0,11,0.037675,0.21895715
0.0,298.24714285700003,0.2,73.8671428571,3.91428571429,0.0,4,-0.05965000000000001,0.18445
0.0,299.07285714299996,0.2,75.7371428571,2.8,0.0,5,-0.05051457004213486,0.1617143
13.44,299.107142857,8.0,78.0028571429,3.01428571429,7.4,7,0.0020099999999999996,0.13954999999999998
33.69,299.19,23.7,77.65,3.3857142857099998,21.1,1,-0.1235,0.13683449999999997
42.88,300.012857143,3.6,77.2428571429,3.72857142857,97.3,1,0.0111333315,0.101250015
234.13,298.917142857,98.5,81.7514285714,3.58571428571,207.5,4,-0.042858899894447945,0.10361665
0.0,299.54,11.0,78.9071428571,2.75714285714,48.2,2,-0.193,0.2165857
38.66,299.948571429,10.11,75.69857142859999,2.91428571429,11.4,6,0.072704165,0.11264168499999999
102.56,299.065714286,96.0,83.7628571429,2.51428571429,110.9,3,0.02202584845642428,0.05977143
156.94,299.805714286,145.7,84.33571428569999,3.0714285714300003,71.2,4,0.057475,0.091957145
84.78,300.84,14.59,82.63,2.9,23.9,10,-0.0093875,0.16227855000000002
32.02,301.11714285700003,4.5,76.94,2.5714285714300003,4.4,12,0.07971666499999999,0.18224285
97.46,299.981428571,15.9,81.5157142857,2.87142857143,44.5,21,0.0813,0.1226643
8.36,301.337142857,4.2,79.7185714286,3.51428571429,0.0,26,0.029096576512045565,0.20983575
23.36,301.088571429,28.59,80.0128571429,2.58571428571,52.3,21,0.07997499999999999,0.092192855
42.06,301.281428571,32.4,79.3771428571,2.9428571428600003,34.8,30,0.1660375,0.20494285
92.52,300.667142857,45.28,80.5614285714,2.6142857142900002,52.8,45,0.0515125,0.12463569999999999
39.49,300.87142857099997,31.9,79.4814285714,2.44285714286,50.3,56,-0.043750000000000004,0.23458575
64.25,300.852857143,34.3,82.4085714286,2.72857142857,73.8,75,-0.059075,0.23590715
80.34,301.158571429,54.1,79.6214285714,2.87142857143,41.0,83,-0.045725,0.1308
18.15,301.348571429,11.93,79.2528571429,2.98571428571,12.6,82,0.008463587142362245,0.23052859999999997
29.86,301.465714286,21.1,77.74,3.41428571429,18.1,126,0.0587875,0.09109999999999999
99.02,301.178571429,28.1,76.7342857143,3.3857142857099998,31.7,119,-0.035699999999999996,0.12382139999999998
77.05,301.291428571,30.0,79.0814285714,3.1857142857099996,104.4,137,-0.007316070552368334,0.10990285
23.3,301.465714286,3.7,75.4385714286,4.42857142857,8.9,131,-0.01245,0.21263095
43.57,302.2,11.9,77.2728571429,3.3857142857099998,61.0,112,0.0060999999999999995,0.14898574999999997
66.86,301.495714286,14.6,76.66142857140001,3.5714285714300003,15.1,82,-0.017066664999999998,0.1667286
36.86,301.114285714,38.4,79.0828571429,3.54285714286,19.8,73,-0.014333335,0.1680083
68.31,301.09,27.3,78.3514285714,2.6857142857099996,18.6,43,0.0441,0.09489998
157.83,299.83428571400003,60.4,82.2642857143,2.54285714286,126.9,55,0.034916665,0.04879643
112.16,300.624285714,18.7,82.39,2.9285714285699997,45.5,55,0.025275,0.22235
20.75,300.69142857099996,70.3,82.4228571429,2.44285714286,55.1,53,0.010645835,0.1664357
39.72,300.841428571,26.26,78.97,2.5714285714300003,57.2,46,0.006883335000000001,0.22762860000000001
27.22,300.664285714,20.43,79.3271428571,2.12857142857,32.5,43,0.031599999999999996,0.17714285
37.36,299.971428571,93.9,79.9014285714,2.2571428571400003,41.5,29,0.03405,0.19130714999999998
14.49,299.467142857,40.81,77.2457142857,2.58571428571,23.6,22,0.07794798156962648,0.20057144999999998
26.65,299.182857143,36.65,78.6242857143,2.41428571429,80.7,26,0.08631768876223725,0.25839285
0.0,298.578571429,11.2,71.4557142857,2.74285714286,27.5,13,0.0036916650000000002,0.19405835
0.0,299.13142857099996,13.6,75.0757142857,2.17142857143,30.0,17,-0.06811666499999999,0.1681357
0.0,298.44,20.64,77.3157142857,2.52857142857,29.1,8,0.0804,0.28945715000000005
64.08,299.147142857,22.5,76.5785714286,2.2428571428599997,18.6,13,-0.12190000000000001,0.17663335000000002
16.27,298.67714285700004,5.76,74.50857142859999,2.1,8.1,10,-0.0267833315,0.104778555
72.69,298.332857143,10.9,72.9285714286,2.44285714286,21.9,17,-0.01895,0.24929285
74.41,298.401428571,41.5,78.72,2.4285714285699997,101.1,19,-0.15298665,0.1013143
0.0,298.287142857,16.8,74.8971428571,2.01428571429,29.2,9,-0.0184,0.10385
0.0,297.541428571,9.89,72.8728571429,2.15714285714,7.6,9,0.01965,0.1540452
18.15,297.825714286,9.7,76.9071428571,2.2142857142900003,26.6,9,-0.22265000000000001,0.23827854999999998
0.0,297.955714286,10.37,78.4942857143,3.02857142857,15.0,3,0.14899,0.19812855000000001
11.8,298.055714286,8.1,73.41428571430001,2.3857142857099998,2.6,7,0.028949999999999997,0.26282140000000004
0.0,298.158571429,0.2,70.6971428571,2.6428571428599996,0.0,7,-0.1365825,0.18987335
0.0,297.988571429,7.5,74.28,3.4285714285699997,3.3,0,0.0025708349999999996,0.1638
16.74,297.261428571,19.63,73.21,2.6142857142900002,2.2,2,-0.0017299999999999998,0.16215714999999997
31.34,298.06142857099996,10.35,75.5271428571,2.85714285714,7.4,3,-0.05800417873239552,0.13202144999999998
24.44,298.302857143,5.0,74.9842857143,3.35714285714,7.9,3,0.017621230120512865,0.092341665
174.04,298.24,36.3,79.6028571429,3.1857142857099996,84.6,1,0.057775,0.092057145
44.84,298.672857143,12.6,76.3328571429,2.8,48.3,3,0.01722,0.10980119999999999
60.86,298.591428571,28.63,78.0242857143,3.1,5.4,3,-0.056049999999999996,0.14389405
103.35,298.898571429,26.99,76.6042857143,3.27142857143,75.2,3,0.0351,0.101335705
54.47,298.872857143,29.05,78.0985714286,3.3857142857099998,66.1,7,0.028975,0.10827856999999999
12.09,298.12,19.4,75.9271428571,2.3571428571400004,80.8,3,0.020515965746237014,0.07665
103.95,299.171428571,90.4,84.31,2.7857142857099997,15.6,5,0.06283333499999999,0.19665
3.7,300.50142857099996,6.07,78.4,2.97142857143,0.5,11,-0.05631918271261353,0.22482734999999998
64.92,300.57,6.19,75.8114285714,3.0,22.1,5,0.0458625,0.1069619
19.93,300.768571429,7.3,75.6,3.04285714286,1.3,5,0.0144,0.11920429999999999
7.56,301.021428571,12.4,75.92,2.74285714286,34.0,6,-0.033616665000000004,0.15079165
19.95,300.478571429,39.52,79.69571428569999,2.8142857142900004,25.5,6,0.034133335,0.10880000000000001
111.15,300.504285714,38.37,82.16,2.2428571428599997,58.2,4,0.15059999999999998,0.12840715
52.63,300.58428571400003,35.3,78.6042857143,2.6142857142900002,26.7,4,0.0593625,0.15518329999999997
56.73,300.262857143,64.68,81.4771428571,2.6857142857099996,51.6,8,0.044266665,0.11455
16.61,300.244285714,40.4,80.5385714286,2.55714285714,36.8,14,0.037758335000000004,0.1791143
29.74,300.794285714,19.1,78.7728571429,2.67142857143,13.3,12,-0.08080833500000001,0.10260715000000001
93.78,300.4,72.24,81.6457142857,2.8,100.0,16,-0.0074750000000000025,0.1527286
63.83,300.208571429,171.58,80.6542857143,2.85714285714,40.9,10,0.00767,0.1383643
3.19,300.91,13.5,78.6271428571,2.47142857143,1.5,16,0.00047215316571781914,0.19955715000000002
70.61,300.821428571,39.5,79.8142857143,2.75714285714,30.7,18,0.033749999999999995,0.17814164999999998
51.48,301.06857142900003,22.2,79.1542857143,2.47142857143,33.8,15,0.07748749999999999,0.13995000000000002
24.11,301.071428571,15.5,78.1242857143,3.0,9.8,23,-0.007358335000000001,0.13539285
67.31,301.098571429,27.2,77.93,3.5,25.3,17,-0.0136875,0.16195715
27.18,301.418571429,9.6,75.8614285714,3.41428571429,2.3,33,-0.0359,0.1848143
27.63,301.344285714,18.86,76.9528571429,3.6142857142900002,6.2,15,-0.030925,0.18107145
12.22,301.474285714,14.1,74.7328571429,3.0714285714300003,7.3,13,-0.010627677398013255,0.1856857
44.38,301.397142857,20.4,76.0071428571,2.54285714286,28.0,11,-0.043325,0.24380830000000003
64.15,300.755714286,37.0,79.41428571430001,3.02857142857,140.8,14,0.11927499999999999,0.06434999999999999
95.43,300.682857143,27.2,79.93,3.08571428571,65.8,17,0.004766665,0.15086070000000001
15.91,300.935714286,54.12,81.08571428569999,2.77142857143,38.0,19,0.028967520354213364,0.1350143
6.61,300.88,8.2,75.5685714286,2.58571428571,18.0,20,-0.15460000000000002,0.1998369
21.29,300.412857143,13.2,72.6842857143,2.47142857143,18.5,12,-0.31235,0.14831429999999998
57.01,299.328571429,26.82,75.6,3.25714285714,0.8,21,0.041466665,0.1851143
51.3,300.342857143,14.56,76.8285714286,2.9,88.7,7,0.001220652648098044,0.05717857
25.02,299.495714286,42.55,74.4314285714,2.01428571429,68.0,19,-0.0005199999999999996,0.164057155
0.0,299.63,18.4,78.6385714286,2.1,6.9,10,-0.008220835,0.1873857
0.0,299.302857143,14.5,75.24,1.9714285714300002,26.9,13,-0.0115,0.11663834999999999
0.0,298.667142857,12.4,76.5285714286,1.87142857143,21.7,10,0.15777,0.14652145
0.0,298.567142857,16.3,74.8114285714,2.1142857142900002,14.8,8,-0.025093693121008835,0.19585000000000002
63.41,298.217142857,60.49,77.6471428571,3.04285714286,21.4,21,-0.01175,0.08103571500000001
0.0,298.20428571400004,9.33,73.80428571430001,1.9714285714300002,16.8,11,0.12201665,0.25050595
0.0,297.945714286,0.0,72.76,3.7857142857099997,0.0,9,0.01458616788123414,0.1221143
0.0,298.548571429,0.6,74.8,2.5,3.3,14,-0.07490000000000001,0.21977145
0.0,298.444285714,1.2,75.7542857143,3.45714285714,0.3,14,-0.07357,0.2181286
0.0,298.71,6.73,73.9328571429,3.4428571428600003,1.5,15,0.15685,0.17346430000000002
0.0,298.315714286,23.12,78.1257142857,2.8857142857099998,22.9,18,-0.015541528533042769,0.0302833315
0.0,299.114285714,3.7,75.0142857143,3.0714285714300003,8.4,16,0.0177,0.15227855
0.0,299.015714286,1.5,74.02571428569999,2.98571428571,0.3,12,0.01955,0.17012140000000003
9.12,298.452857143,5.1,75.4385714286,2.62857142857,0.5,20,0.014124999999999999,0.1559357
33.72,298.755714286,25.2,76.7842857143,2.52857142857,7.6,8,0.029212500000000002,0.07652856999999999
90.68,297.777142857,36.3,76.2142857143,2.0714285714300003,40.2,3,0.026058335000000002,0.17545
13.09,298.552857143,1.2,73.30142857140001,3.0714285714300003,3.3,13,-0.035500000000000004,0.21922265000000002
0.0,299.335714286,2.22,74.8328571429,3.0,1.8,4,0.056583335,0.096692835
69.7,299.022857143,63.1,81.1128571429,3.35714285714,163.1,1,0.021075,0.08082143
93.03,298.775714286,63.81,82.08428571430001,2.2142857142900003,79.8,10,0.025575,0.1284714
9.83,299.467142857,40.3,79.19428571430001,2.77142857143,20.5,8,-0.04485,0.15738575
6.8,300.66,8.4,76.76,3.17142857143,0.3,13,0.006975,0.24575
6.2,300.69285714299997,2.2,73.9814285714,3.0714285714300003,0.5,10,0.039675,0.07295714
45.7,300.461428571,24.9,76.0228571429,3.5571428571399997,17.0,21,0.045843550368636216,0.1174
85.81,300.961428571,17.74,74.9628571429,3.4285714285699997,33.3,18,-0.0367,0.15628575
62.42,300.55,25.3,76.1628571429,2.3857142857099998,47.6,21,-0.015166665,0.09473569500000001
15.76,301.145714286,4.2,74.16,2.97142857143,4.3,34,0.07454,0.20315715
46.08,301.097142857,9.7,76.3285714286,2.67142857143,1.5,25,0.183525,0.19527145
19.09,301.015714286,20.5,74.9214285714,3.1,17.3,34,0.027866666499999998,0.1932607
1.13,300.971428571,11.56,75.24142857140001,2.8,10.0,33,0.024765478403860976,0.1709869
40.7,300.947142857,22.32,75.1428571429,2.91428571429,21.3,40,0.08505,0.10487855000000001
85.11,300.495714286,40.34,80.80857142859999,2.85714285714,69.8,42,0.013275000000000002,0.10970710000000002
1.02,301.081428571,8.3,74.2642857143,2.82857142857,14.5,36,0.0875,0.23861905
37.75,301.17,21.41,77.7657142857,2.5714285714300003,6.4,72,0.023325,0.1250857
72.44,300.987142857,25.69,78.64,2.52857142857,24.9,75,5.263422877968896e-06,0.12664999999999998
34.47,300.911428571,56.82,78.4614285714,2.7857142857099997,35.3,76,0.0629,0.27990715
62.56,300.828571429,30.89,77.5642857143,2.7,20.1,92,0.072933335,0.1413429
30.77,301.218571429,19.74,75.3457142857,3.0,25.9,71,0.018987075163754665,0.21525950000000002
10.37,301.11714285700003,22.24,75.19571428569999,3.1571428571399998,10.4,112,0.02594665732999101,0.21301430000000002
70.39,301.217142857,26.14,75.97,2.8142857142900004,26.9,106,0.030724999999999995,0.14225
94.37,301.052857143,16.15,76.4057142857,3.58571428571,21.3,101,-0.01682,0.1486786
74.5,301.022857143,17.6,77.19,2.6857142857099996,86.6,170,0.060383335,0.1515143
108.26,300.79,21.98,79.1785714286,3.0,14.5,135,0.05650000000000001,0.12223574999999999
17.56,301.492857143,8.3,73.8671428571,3.1857142857099996,10.2,106,0.07683335000000001,0.21785000000000002
16.48,301.007142857,15.66,73.66142857140001,2.47142857143,8.6,68,-0.006042249157922058,0.18379285
137.55,299.458571429,174.64,81.5942857143,2.6,89.2,48,0.08929999999999999,0.14017145
15.25,300.604285714,10.3,75.35,2.2571428571400003,4.1,48,-0.15014999999999998,0.18902734999999998
42.0,299.934285714,21.4,77.4814285714,3.54285714286,65.7,26,-0.060725,0.20414290000000002
73.37,299.821428571,43.4,78.52571428569999,2.51428571429,40.4,33,-0.004188735005613568,0.18038570000000004
15.95,299.09,9.78,70.7271428571,2.0714285714300003,36.4,29,-0.050583335,0.110001185
17.85,299.02,68.0,75.36857142859999,2.1,34.5,17,-0.02146728149330824,0.09230000000000001
31.3,298.9,66.72,78.0157142857,2.48571428571,30.2,12,-0.0893,0.1473057
62.11,298.668571429,50.53,80.1785714286,2.37142857143,108.2,13,-0.019368763894757786,0.16179405
0.0,298.602857143,2.36,75.44857142859999,2.98571428571,16.8,17,0.01555,0.17592225
0.0,298.038571429,27.99,76.1485714286,1.8428571428599998,55.5,15,-0.1545,0.2176857
37.24,298.142857143,37.66,76.13142857140001,2.05714285714,64.8,14,-0.0533278696368639,0.28738569999999997
0.0,297.627142857,4.1,75.6428571429,3.0,2.5,15,0.020177369670373303,0.11692145
81.22,297.968571429,27.16,77.1671428571,2.0,83.1,10,-0.12104999999999999,0.1364143
0.0,298.021428571,2.7,73.5657142857,3.3,3.1,9,-0.06619957412844188,0.19712144999999998
0.0,297.237142857,19.7,70.6428571429,2.0714285714300003,35.9,2,-0.057449999999999994,0.25200715000000007
0.0,297.838571429,10.17,74.22857142859999,2.15714285714,6.4,6,0.0044500000000000026,0.1497357
0.0,297.907142857,8.3,74.7857142857,1.8857142857099998,13.3,8,-0.11685833500000001,0.23709285000000002
0.0,297.765714286,6.46,72.66,2.2857142857099997,12.9,5,0.010207628383048176,0.16448575
0.0,297.87857142900003,6.5,74.6814285714,2.6142857142900002,13.0,1,-0.089466665,0.1887143
0.0,297.595714286,9.38,71.9342857143,2.08571428571,4.4,2,-0.2313,0.12582859999999998
0.0,297.404285714,0.9,72.91571428569999,3.87142857143,0.5,3,0.034675,0.0948143
27.19,296.958571429,7.55,74.2471428571,2.8857142857099998,1.8,4,0.018975000000000002,0.3033571500000001
3.82,298.081428571,3.67,74.6,2.7142857142900003,0.5,3,-0.027416665,0.092878555
16.96,297.46,35.0,75.0271428571,2.1857142857099996,30.7,1,-0.103975,0.1394857
0.0,297.63,4.82,72.2857142857,2.7857142857099997,11.2,3,-6.0795597196947374e-05,0.20687145
0.0,298.672857143,2.17,76.96,3.95714285714,0.3,5,-0.023683335000000003,0.08395
